,mean,sd,hdi_2.5%,hdi_97.5%,mcse_mean,mcse_sd,ess_bulk,ess_tail,r_hat
beta[PPSU],0.037,0.025,-0.006,0.086,0.001,0.001,661.0,768.0,1.0
beta[PSTRAT],-0.011,0.02,-0.052,0.029,0.001,0.0,1312.0,973.0,1.0
beta[SPOUSAGETC_A],0.008,0.027,-0.043,0.068,0.001,0.001,1636.0,1064.0,1.0
beta[EMPDYSMSS3_A],-0.008,0.018,-0.045,0.026,0.0,0.0,1501.0,1076.0,1.0
beta[EMPWKHRS3_A],0.03,0.029,-0.027,0.085,0.001,0.001,707.0,666.0,1.0
beta[EMDOCCUPN2_A],-0.014,0.03,-0.077,0.042,0.001,0.001,1607.0,997.0,1.0
beta[EMDOCCUPN1_A],-0.013,0.028,-0.073,0.043,0.001,0.001,1472.0,961.0,1.0
beta[EMDINDSTN2_A],0.009,0.025,-0.044,0.058,0.001,0.001,1363.0,896.0,1.0
beta[EMDINDSTN1_A],0.01,0.023,-0.031,0.06,0.001,0.0,1340.0,839.0,1.0
beta[WEIGHTLBTC_A],0.008,0.023,-0.044,0.054,0.001,0.0,1353.0,959.0,1.0
beta[HEIGHTTC_A],0.005,0.023,-0.043,0.052,0.001,0.001,1344.0,807.0,1.0
beta[HICOSTR1_A],-0.021,0.028,-0.089,0.018,0.001,0.001,977.0,863.0,1.0
beta[AGEP_A],0.01,0.033,-0.055,0.085,0.001,0.001,1597.0,728.0,1.0
beta[CVDVAC1M1_A],-0.002,0.018,-0.042,0.036,0.001,0.0,1274.0,1039.0,1.0
beta[WTFA_A],-0.018,0.027,-0.076,0.03,0.001,0.001,1107.0,908.0,1.0
beta[POVRATTC_A],-0.021,0.032,-0.099,0.03,0.001,0.001,1182.0,862.0,1.0
beta[URBRRL_2.0],-0.034,0.049,-0.131,0.043,0.001,0.001,1113.0,931.0,1.0
beta[URBRRL_3.0],0.042,0.051,-0.029,0.149,0.002,0.001,931.0,816.0,1.0
beta[URBRRL_4.0],0.049,0.063,-0.036,0.195,0.002,0.001,1218.0,1122.0,1.0
beta[RATCAT_A_2.0],0.003,0.049,-0.098,0.099,0.001,0.001,1590.0,949.0,1.0
beta[RATCAT_A_3.0],-0.037,0.076,-0.205,0.079,0.002,0.002,1394.0,939.0,1.0
beta[RATCAT_A_4.0],0.026,0.062,-0.103,0.151,0.002,0.001,1473.0,904.0,1.0
beta[RATCAT_A_5.0],-0.02,0.053,-0.153,0.064,0.001,0.001,2085.0,926.0,1.0
beta[RATCAT_A_6.0],0.01,0.05,-0.086,0.13,0.001,0.001,1923.0,859.0,1.0
beta[RATCAT_A_7.0],0.004,0.048,-0.093,0.113,0.001,0.001,1798.0,850.0,1.0
beta[RATCAT_A_8.0],-0.008,0.043,-0.112,0.067,0.001,0.001,1906.0,815.0,1.0
beta[RATCAT_A_9.0],0.045,0.063,-0.058,0.186,0.002,0.001,1124.0,838.0,1.0
beta[RATCAT_A_10.0],0.002,0.042,-0.089,0.09,0.001,0.001,1584.0,815.0,1.0
beta[RATCAT_A_11.0],-0.021,0.053,-0.131,0.087,0.001,0.001,1544.0,953.0,1.0
beta[RATCAT_A_12.0],0.021,0.058,-0.081,0.154,0.002,0.001,1547.0,883.0,1.0
beta[RATCAT_A_13.0],-0.009,0.047,-0.137,0.075,0.001,0.001,1894.0,808.0,1.0
beta[RATCAT_A_14.0],-0.015,0.043,-0.119,0.054,0.001,0.001,1826.0,731.0,1.0
beta[INCTCFLG_A_1.0],0.003,0.056,-0.105,0.136,0.002,0.001,1733.0,745.0,1.0
beta[IMPINCFLG_A_1.0],0.001,0.049,-0.096,0.112,0.002,0.001,1256.0,567.0,1.0
beta[IMPINCFLG_A_2.0],-0.005,0.041,-0.104,0.067,0.001,0.001,1806.0,859.0,1.0
beta[LANGHM_A_2.0],-0.045,0.064,-0.193,0.053,0.002,0.001,1619.0,958.0,1.01
beta[LANGHM_A_8.0],-0.039,0.09,-0.238,0.113,0.003,0.002,1570.0,883.0,1.0
beta[HISPALLP_A_2.0],0.016,0.047,-0.072,0.121,0.001,0.001,1274.0,1089.0,1.0
beta[HISPALLP_A_3.0],-0.045,0.071,-0.201,0.071,0.002,0.002,1014.0,847.0,1.0
beta[HISPALLP_A_4.0],-0.032,0.07,-0.182,0.099,0.002,0.002,1367.0,622.0,1.0
beta[HISPALLP_A_5.0],0.008,0.069,-0.141,0.147,0.002,0.002,1502.0,792.0,1.0
beta[HISPALLP_A_6.0],-0.008,0.066,-0.137,0.131,0.002,0.002,1493.0,918.0,1.0
beta[HISPALLP_A_7.0],0.013,0.069,-0.112,0.168,0.002,0.002,1450.0,852.0,1.0
beta[RACEALLP_A_2.0],-0.055,0.078,-0.217,0.058,0.002,0.002,1219.0,955.0,1.0
beta[RACEALLP_A_3.0],-0.037,0.075,-0.191,0.091,0.002,0.002,1700.0,886.0,1.0
beta[RACEALLP_A_4.0],0.003,0.056,-0.144,0.115,0.002,0.001,1536.0,729.0,1.0
beta[RACEALLP_A_5.0],-0.009,0.065,-0.151,0.117,0.002,0.002,1658.0,772.0,1.0
beta[RACEALLP_A_6.0],-0.004,0.056,-0.126,0.112,0.002,0.001,1514.0,919.0,1.0
beta[RACEALLP_A_7.0],0.003,0.079,-0.174,0.137,0.003,0.002,1191.0,732.0,1.01
beta[RACEALLP_A_8.0],0.056,0.083,-0.057,0.259,0.002,0.002,1446.0,784.0,1.0
beta[RACEALLP_A_9.0],0.005,0.071,-0.137,0.158,0.002,0.002,1466.0,820.0,1.0
beta[DISAB3_A_2.0],-0.007,0.046,-0.105,0.095,0.001,0.001,1546.0,821.0,1.0
beta[DISAB3_A_9.0],-0.003,0.077,-0.145,0.167,0.002,0.002,1350.0,751.0,1.0
beta[AFNOW_2.0],0.028,0.086,-0.111,0.207,0.003,0.002,1344.0,731.0,1.0
beta[CITZNSTP_A_2.0],-0.015,0.057,-0.138,0.1,0.002,0.001,1516.0,917.0,1.01
beta[CITZNSTP_A_7.0],-0.004,0.072,-0.158,0.142,0.002,0.002,2020.0,919.0,1.0
beta[CITZNSTP_A_8.0],-0.012,0.071,-0.143,0.147,0.002,0.002,1355.0,797.0,1.01
beta[CITZNSTP_A_9.0],0.007,0.075,-0.135,0.162,0.002,0.002,1435.0,698.0,1.0
beta[SPOUSEDUCP_A_2.0],0.011,0.072,-0.132,0.173,0.002,0.002,1668.0,874.0,1.01
beta[SPOUSEDUCP_A_3.0],0.011,0.064,-0.131,0.129,0.002,0.001,1635.0,843.0,1.0
beta[SPOUSEDUCP_A_4.0],0.007,0.043,-0.076,0.102,0.001,0.001,1223.0,959.0,1.0
beta[SPOUSEDUCP_A_5.0],0.107,0.105,-0.034,0.344,0.003,0.002,915.0,952.0,1.0
beta[SPOUSEDUCP_A_6.0],-0.007,0.06,-0.142,0.113,0.002,0.001,1455.0,955.0,1.0
beta[SPOUSEDUCP_A_7.0],-0.004,0.052,-0.121,0.101,0.002,0.001,1768.0,796.0,1.0
beta[SPOUSEDUCP_A_8.0],-0.055,0.066,-0.209,0.03,0.002,0.002,1052.0,850.0,1.0
beta[SPOUSEDUCP_A_9.0],-0.022,0.059,-0.155,0.092,0.002,0.001,1292.0,739.0,1.0
beta[SPOUSEDUCP_A_10.0],-0.011,0.063,-0.155,0.1,0.002,0.002,1393.0,686.0,1.0
beta[SPOUSEDUCP_A_97.0],-0.002,0.073,-0.139,0.156,0.002,0.002,1868.0,859.0,1.0
beta[SPOUSEDUCP_A_99.0],0.002,0.073,-0.139,0.171,0.003,0.002,1217.0,617.0,1.0
beta[LEGMSTAT_A_2.0],0.026,0.052,-0.073,0.14,0.001,0.001,1477.0,747.0,1.0
beta[LEGMSTAT_A_3.0],-0.008,0.045,-0.122,0.079,0.001,0.001,1368.0,886.0,1.0
beta[LEGMSTAT_A_4.0],0.005,0.044,-0.088,0.103,0.001,0.001,1484.0,787.0,1.0
beta[LEGMSTAT_A_5.0],-0.026,0.062,-0.163,0.093,0.002,0.002,1382.0,712.0,1.0
beta[LEGMSTAT_A_9.0],-0.019,0.081,-0.195,0.129,0.003,0.002,1437.0,779.0,1.0
beta[MARSTAT_A_2.0],0.009,0.055,-0.125,0.113,0.001,0.001,1849.0,940.0,1.0
beta[MARSTAT_A_3.0],-0.002,0.069,-0.155,0.142,0.002,0.002,1423.0,828.0,1.0
beta[MARSTAT_A_4.0],-0.018,0.057,-0.147,0.093,0.002,0.001,1297.0,878.0,1.0
beta[MARSTAT_A_5.0],0.032,0.06,-0.066,0.168,0.002,0.001,1590.0,854.0,1.0
beta[MARSTAT_A_6.0],0.023,0.068,-0.087,0.183,0.002,0.001,1442.0,890.0,1.0
beta[MARSTAT_A_7.0],-0.011,0.045,-0.102,0.086,0.001,0.001,1416.0,699.0,1.0
beta[MARSTAT_A_8.0],-0.009,0.054,-0.131,0.094,0.002,0.001,1559.0,828.0,1.0
beta[MARSTAT_A_9.0],-0.014,0.071,-0.169,0.129,0.002,0.002,1453.0,711.0,1.0
beta[SASPPRACE_A_2.0],-0.014,0.051,-0.113,0.101,0.001,0.001,1535.0,813.0,1.0
beta[SASPPHISP_A_2.0],0.003,0.053,-0.102,0.116,0.001,0.001,1774.0,732.0,1.01
beta[SPOUSWRK_A_2.0],-0.048,0.068,-0.192,0.053,0.002,0.001,1607.0,844.0,1.0
beta[SPOUSWRK_A_7.0],0.003,0.078,-0.145,0.155,0.003,0.002,1322.0,753.0,1.0
beta[SPOUSWRK_A_8.0],0.002,0.079,-0.175,0.132,0.002,0.002,1646.0,890.0,1.0
beta[SPOUSWRK_A_9.0],-0.001,0.066,-0.138,0.144,0.002,0.001,1690.0,843.0,1.0
beta[SPOUSESEX_A_2.0],-0.017,0.047,-0.123,0.069,0.001,0.001,1665.0,828.0,1.0
beta[PCNTADWFP1_A_1.0],0.006,0.033,-0.057,0.082,0.001,0.001,1533.0,777.0,1.0
beta[PCNTADWFP1_A_2.0],-0.013,0.044,-0.12,0.065,0.001,0.001,1536.0,946.0,1.0
beta[PCNTADWFP1_A_3.0],-0.027,0.071,-0.203,0.071,0.002,0.001,1155.0,658.0,1.0
beta[PCNTADWFP1_A_5.0],0.009,0.071,-0.139,0.155,0.002,0.002,2099.0,938.0,1.0
beta[PCNTADWFP1_A_6.0],0.022,0.078,-0.11,0.199,0.003,0.002,1227.0,712.0,1.0
beta[PCNTADWFP1_A_7.0],-0.009,0.081,-0.168,0.159,0.003,0.002,1437.0,910.0,1.0
beta[PCNTADWFP1_A_8.0],-0.016,0.071,-0.182,0.11,0.002,0.002,1851.0,824.0,1.0
beta[PCNTADWKP1_A_1.0],-0.016,0.041,-0.102,0.069,0.001,0.001,1245.0,919.0,1.0
beta[PCNTADWKP1_A_2.0],0.007,0.043,-0.077,0.107,0.001,0.001,1320.0,780.0,1.0
beta[PCNTADWKP1_A_3.0],-0.014,0.051,-0.133,0.077,0.001,0.001,1921.0,861.0,1.0
beta[PCNTADWKP1_A_5.0],0.001,0.082,-0.159,0.175,0.002,0.002,1642.0,768.0,1.0
beta[PCNTADWKP1_A_6.0],0.016,0.082,-0.143,0.153,0.003,0.002,1409.0,531.0,1.0
beta[PCNTADWKP1_A_7.0],-0.004,0.075,-0.169,0.138,0.002,0.002,1572.0,930.0,1.0
beta[PCNTADWKP1_A_8.0],-0.012,0.073,-0.163,0.128,0.002,0.002,1195.0,747.0,1.0
beta[FDSCAT4_A_2.0],0.012,0.047,-0.068,0.133,0.001,0.001,1466.0,599.0,1.0
beta[FDSCAT4_A_3.0],-0.008,0.051,-0.124,0.092,0.001,0.001,1804.0,769.0,1.0
beta[FDSCAT4_A_4.0],0.042,0.08,-0.068,0.235,0.002,0.002,1608.0,661.0,1.0
beta[FDSCAT4_A_8.0],-0.011,0.065,-0.169,0.099,0.002,0.002,1472.0,915.0,1.01
beta[FDSCAT3_A_2.0],-0.007,0.055,-0.134,0.101,0.002,0.001,1266.0,744.0,1.0
beta[FDSCAT3_A_3.0],0.038,0.074,-0.077,0.209,0.002,0.002,1624.0,955.0,1.0
beta[FDSCAT3_A_8.0],-0.015,0.072,-0.159,0.115,0.003,0.002,1555.0,681.0,1.0
beta[EMPWRKFT1_A_2.0],-0.007,0.045,-0.118,0.088,0.001,0.001,1669.0,854.0,1.0
beta[EMPWRKFT1_A_7.0],-0.004,0.08,-0.207,0.129,0.003,0.002,1219.0,712.0,1.0
beta[EMPWRKFT1_A_8.0],-0.001,0.077,-0.158,0.17,0.003,0.002,1316.0,719.0,1.0
beta[EMPWRKFT1_A_9.0],-0.004,0.079,-0.174,0.126,0.003,0.002,1414.0,852.0,1.0
beta[EMPWRKLSW1_A_2.0],-0.01,0.044,-0.104,0.082,0.001,0.001,1233.0,844.0,1.0
beta[EMPWRKLSW1_A_9.0],-0.007,0.063,-0.165,0.085,0.002,0.001,1444.0,799.0,1.0
beta[SMKECIGST_A_2.0],0.02,0.048,-0.076,0.119,0.001,0.001,1244.0,840.0,1.0
beta[SMKECIGST_A_3.0],0.001,0.039,-0.084,0.083,0.001,0.001,1336.0,836.0,1.0
beta[SMKECIGST_A_9.0],-0.003,0.065,-0.167,0.113,0.002,0.002,1724.0,958.0,1.0
beta[SMKCIGST_A_2.0],0.005,0.054,-0.117,0.124,0.002,0.001,1557.0,797.0,1.0
beta[SMKCIGST_A_3.0],0.008,0.04,-0.069,0.095,0.001,0.001,1552.0,807.0,1.0
beta[SMKCIGST_A_4.0],0.0,0.039,-0.084,0.082,0.001,0.001,1634.0,1025.0,1.01
beta[SMKCIGST_A_5.0],0.001,0.071,-0.147,0.146,0.002,0.002,1422.0,791.0,1.0
beta[SMKCIGST_A_9.0],0.002,0.062,-0.131,0.138,0.002,0.002,1471.0,735.0,1.0
beta[BMICAT_A_2.0],-0.083,0.073,-0.241,0.02,0.002,0.002,766.0,946.0,1.0
beta[BMICAT_A_3.0],0.002,0.044,-0.098,0.093,0.001,0.001,914.0,976.0,1.0
beta[BMICAT_A_4.0],0.08,0.068,-0.02,0.216,0.003,0.002,653.0,1017.0,1.0
beta[BMICAT_A_9.0],0.002,0.06,-0.125,0.137,0.002,0.001,1294.0,704.0,1.0
beta[URGNT12MTC_A_1.0],-0.005,0.035,-0.079,0.069,0.001,0.001,1682.0,748.0,1.0
beta[URGNT12MTC_A_2.0],0.012,0.045,-0.092,0.102,0.001,0.001,1315.0,698.0,1.0
beta[URGNT12MTC_A_3.0],0.028,0.061,-0.076,0.168,0.002,0.001,1279.0,853.0,1.0
beta[URGNT12MTC_A_4.0],0.015,0.064,-0.113,0.163,0.002,0.002,1557.0,782.0,1.0
beta[URGNT12MTC_A_5.0],0.029,0.069,-0.078,0.16,0.002,0.002,1792.0,934.0,1.0
beta[URGNT12MTC_A_7.0],0.0,0.075,-0.162,0.165,0.002,0.002,1705.0,623.0,1.0
beta[URGNT12MTC_A_8.0],-0.008,0.066,-0.144,0.137,0.002,0.002,1619.0,716.0,1.01
beta[URGNT12MTC_A_9.0],-0.001,0.074,-0.146,0.184,0.002,0.002,1352.0,612.0,1.0
beta[EMERG12MTC_A_1.0],0.023,0.045,-0.059,0.123,0.001,0.001,1617.0,816.0,1.0
beta[EMERG12MTC_A_2.0],0.008,0.051,-0.104,0.119,0.001,0.001,1603.0,766.0,1.0
beta[EMERG12MTC_A_3.0],0.017,0.062,-0.092,0.16,0.002,0.001,1627.0,793.0,1.0
beta[EMERG12MTC_A_4.0],0.036,0.082,-0.108,0.222,0.003,0.002,1391.0,753.0,1.0
beta[EMERG12MTC_A_7.0],0.002,0.065,-0.117,0.163,0.002,0.001,1958.0,902.0,1.0
beta[EMERG12MTC_A_8.0],-0.007,0.067,-0.135,0.134,0.002,0.002,1256.0,745.0,1.0
beta[EMERG12MTC_A_9.0],-0.01,0.081,-0.163,0.161,0.002,0.002,1616.0,889.0,1.0
beta[PCNT18UPTC_2.0],-0.036,0.06,-0.165,0.059,0.002,0.002,896.0,797.0,1.0
beta[PCNT18UPTC_3.0],-0.012,0.053,-0.131,0.08,0.001,0.001,1960.0,976.0,1.01
beta[PCNTLT18TC_1.0],0.017,0.05,-0.073,0.123,0.001,0.001,1810.0,861.0,1.0
beta[PCNTLT18TC_2.0],-0.005,0.043,-0.1,0.091,0.001,0.001,1657.0,1028.0,1.0
beta[PCNTLT18TC_3.0],-0.007,0.049,-0.135,0.085,0.002,0.001,1203.0,773.0,1.0
beta[PHQ2SCREEN_A_2.0],-0.022,0.052,-0.153,0.062,0.001,0.001,1588.0,839.0,1.01
beta[PHQ2SCREEN_A_8.0],-0.018,0.077,-0.183,0.12,0.002,0.002,1481.0,681.0,1.0
beta[GAD2SCREEN_A_2.0],-0.002,0.044,-0.097,0.092,0.001,0.001,1631.0,822.0,1.0
beta[GAD2SCREEN_A_8.0],-0.021,0.081,-0.179,0.115,0.003,0.002,1398.0,992.0,1.0
beta[COVER_A_2.0],0.025,0.055,-0.073,0.147,0.001,0.001,1647.0,857.0,1.0
beta[COVER_A_3.0],0.004,0.052,-0.097,0.125,0.002,0.001,1770.0,763.0,1.0
beta[COVER_A_4.0],0.011,0.056,-0.103,0.135,0.002,0.001,1750.0,770.0,1.0
beta[COVER_A_5.0],-0.004,0.071,-0.133,0.163,0.002,0.002,1275.0,811.0,1.01
beta[EXCHANGE_A_2.0],-0.01,0.052,-0.134,0.092,0.002,0.001,1291.0,858.0,1.0
beta[NOTCOV_A_2.0],-0.009,0.052,-0.127,0.084,0.002,0.001,1347.0,800.0,1.0
beta[NOTCOV_A_9.0],-0.004,0.072,-0.147,0.133,0.002,0.002,1480.0,871.0,1.01
beta[PLNWRKR1_A_2.0],-0.028,0.056,-0.151,0.07,0.001,0.001,1590.0,801.0,1.0
beta[PLNWRKR1_A_3.0],0.001,0.056,-0.118,0.109,0.002,0.001,1426.0,610.0,1.0
beta[PLNWRKR1_A_4.0],0.006,0.065,-0.126,0.157,0.002,0.001,1672.0,904.0,1.0
beta[PLNWRKR1_A_5.0],0.009,0.1,-0.133,0.193,0.004,0.003,997.0,577.0,1.0
beta[PLNWRKR1_A_6.0],-0.01,0.088,-0.147,0.144,0.004,0.003,1378.0,690.0,1.0
beta[PLNWRKR1_A_7.0],-0.0,0.074,-0.13,0.172,0.002,0.002,1228.0,602.0,1.01
beta[PLNWRKR1_A_8.0],-0.0,0.074,-0.152,0.146,0.002,0.002,1300.0,889.0,1.0
beta[PLNWRKR1_A_97.0],-0.002,0.074,-0.147,0.165,0.002,0.002,1536.0,744.0,1.0
beta[PLNWRKR1_A_98.0],0.027,0.075,-0.08,0.215,0.002,0.002,1275.0,718.0,1.0
beta[PLNWRKR1_A_99.0],-0.004,0.066,-0.143,0.146,0.002,0.002,1486.0,395.0,1.0
beta[OTHGOV_A_3.0],0.0,0.064,-0.125,0.138,0.002,0.001,1890.0,863.0,1.0
beta[OTHGOV_A_7.0],-0.001,0.068,-0.157,0.131,0.003,0.002,958.0,617.0,1.01
beta[OTHGOV_A_9.0],-0.001,0.074,-0.149,0.141,0.003,0.002,1133.0,699.0,1.0
beta[OTHPUB_A_3.0],0.001,0.065,-0.12,0.137,0.002,0.002,1232.0,591.0,1.0
beta[OTHPUB_A_7.0],-0.001,0.07,-0.137,0.165,0.002,0.002,1341.0,909.0,1.0
beta[OTHPUB_A_9.0],-0.0,0.077,-0.159,0.157,0.002,0.002,1516.0,776.0,1.0
beta[IHS_A_2.0],0.019,0.075,-0.101,0.194,0.002,0.002,1482.0,828.0,1.0
beta[IHS_A_7.0],-0.004,0.074,-0.161,0.141,0.002,0.002,1856.0,758.0,1.0
beta[IHS_A_9.0],-0.001,0.075,-0.159,0.155,0.003,0.002,1380.0,642.0,1.0
beta[MILITARY_A_3.0],0.003,0.048,-0.114,0.1,0.001,0.001,1562.0,721.0,1.0
beta[MILITARY_A_7.0],0.0,0.064,-0.13,0.142,0.002,0.001,1591.0,896.0,1.01
beta[MILITARY_A_9.0],-0.004,0.077,-0.146,0.176,0.003,0.002,1355.0,681.0,1.0
beta[CHIP_A_3.0],0.0,0.068,-0.147,0.149,0.002,0.002,1392.0,702.0,1.0
beta[CHIP_A_7.0],-0.005,0.082,-0.138,0.166,0.003,0.002,1286.0,794.0,1.0
beta[CHIP_A_9.0],-0.005,0.071,-0.171,0.123,0.002,0.002,1160.0,665.0,1.0
beta[MEDICAID_A_2.0],-0.004,0.07,-0.14,0.149,0.002,0.002,1169.0,690.0,1.0
beta[MEDICAID_A_3.0],-0.001,0.045,-0.095,0.098,0.001,0.001,1486.0,616.0,1.0
beta[MEDICAID_A_7.0],0.002,0.068,-0.131,0.168,0.002,0.002,1698.0,696.0,1.0
beta[MEDICAID_A_9.0],-0.002,0.066,-0.171,0.13,0.002,0.002,1472.0,953.0,1.0
beta[MEDICARE_A_2.0],-0.004,0.076,-0.167,0.15,0.002,0.002,1661.0,889.0,1.0
beta[MEDICARE_A_3.0],0.058,0.085,-0.054,0.254,0.003,0.002,1014.0,817.0,1.0
beta[MEDICARE_A_7.0],0.004,0.071,-0.131,0.177,0.002,0.002,1490.0,805.0,1.0
beta[MEDICARE_A_9.0],-0.003,0.069,-0.151,0.136,0.002,0.002,1559.0,729.0,1.0
beta[PRIVATE_A_3.0],0.014,0.05,-0.088,0.114,0.001,0.001,1896.0,852.0,1.0
beta[PRIVATE_A_7.0],-0.005,0.078,-0.17,0.178,0.003,0.002,1426.0,807.0,1.0
beta[PRIVATE_A_9.0],0.0,0.07,-0.128,0.148,0.002,0.002,1291.0,832.0,1.0
beta[EXCHPR1_A_2.0],-0.008,0.038,-0.094,0.071,0.001,0.001,2094.0,728.0,1.0
beta[EXCHPR1_A_3.0],0.018,0.073,-0.13,0.177,0.002,0.002,1449.0,732.0,1.0
beta[EXCHPR1_A_8.0],-0.024,0.068,-0.165,0.089,0.002,0.001,1694.0,914.0,1.0
beta[EDUCP_A_2.0],0.019,0.065,-0.098,0.169,0.002,0.002,1861.0,943.0,1.0
beta[EDUCP_A_3.0],0.05,0.085,-0.054,0.261,0.003,0.002,1051.0,910.0,1.0
beta[EDUCP_A_4.0],-0.028,0.05,-0.137,0.06,0.001,0.001,1414.0,940.0,1.0
beta[EDUCP_A_5.0],0.052,0.064,-0.035,0.2,0.002,0.001,1334.0,773.0,1.0
beta[EDUCP_A_6.0],0.052,0.078,-0.068,0.224,0.002,0.002,1548.0,905.0,1.0
beta[EDUCP_A_7.0],-0.006,0.043,-0.121,0.071,0.001,0.001,1699.0,826.0,1.0
beta[EDUCP_A_8.0],0.019,0.044,-0.058,0.124,0.001,0.001,1588.0,976.0,1.0
beta[EDUCP_A_9.0],-0.028,0.062,-0.178,0.066,0.002,0.001,1576.0,1029.0,1.0
beta[EDUCP_A_10.0],-0.043,0.081,-0.24,0.071,0.002,0.002,1223.0,722.0,1.0
beta[EDUCP_A_97.0],-0.01,0.079,-0.191,0.112,0.003,0.002,1116.0,711.0,1.0
beta[EDUCP_A_99.0],0.004,0.072,-0.142,0.153,0.002,0.002,1480.0,778.0,1.0
beta[MAXEDUCP_A_2.0],0.046,0.096,-0.087,0.275,0.003,0.002,1396.0,895.0,1.0
beta[MAXEDUCP_A_3.0],0.024,0.075,-0.087,0.205,0.002,0.002,1399.0,859.0,1.0
beta[MAXEDUCP_A_4.0],0.014,0.048,-0.07,0.138,0.001,0.001,1721.0,848.0,1.0
beta[MAXEDUCP_A_5.0],0.022,0.05,-0.063,0.138,0.001,0.001,1213.0,920.0,1.0
beta[MAXEDUCP_A_6.0],0.02,0.061,-0.089,0.161,0.002,0.001,2081.0,878.0,1.0
beta[MAXEDUCP_A_7.0],0.008,0.043,-0.081,0.1,0.001,0.001,1024.0,649.0,1.0
beta[MAXEDUCP_A_8.0],-0.017,0.043,-0.106,0.07,0.001,0.001,1571.0,741.0,1.0
beta[MAXEDUCP_A_9.0],-0.052,0.067,-0.196,0.044,0.002,0.001,1268.0,899.0,1.0
beta[MAXEDUCP_A_10.0],-0.039,0.074,-0.221,0.068,0.002,0.001,1372.0,800.0,1.0
beta[PARSTAT_A_2.0],0.006,0.057,-0.116,0.132,0.002,0.001,1770.0,1030.0,1.01
beta[PARSTAT_A_3.0],-0.001,0.043,-0.092,0.089,0.001,0.001,1706.0,964.0,1.0
beta[PARSTAT_A_9.0],0.053,0.116,-0.092,0.336,0.004,0.003,1399.0,827.0,1.0
beta[SAPARENTSC_A_2.0],0.001,0.051,-0.116,0.103,0.001,0.001,1812.0,752.0,1.0
beta[SAPARENTSC_A_3.0],0.003,0.041,-0.086,0.099,0.001,0.001,1516.0,920.0,1.0
beta[SAPARENTSC_A_9.0],0.032,0.092,-0.129,0.229,0.003,0.002,1809.0,981.0,1.0
beta[MLTFAMFLG_A_2.0],0.006,0.053,-0.105,0.129,0.002,0.001,1806.0,878.0,1.0
beta[OVER65FLG_A_1.0],-0.038,0.056,-0.162,0.046,0.002,0.001,1238.0,861.0,1.0
beta[PCNTADLT_A_2.0],-0.07,0.076,-0.231,0.049,0.003,0.002,865.0,858.0,1.0
beta[PCNTADLT_A_3.0],-0.007,0.049,-0.125,0.086,0.001,0.001,1823.0,996.0,1.0
beta[PCNTKIDS_A_1.0],0.012,0.048,-0.081,0.12,0.001,0.001,1519.0,935.0,1.0
beta[PCNTKIDS_A_2.0],-0.012,0.045,-0.11,0.077,0.001,0.001,1766.0,745.0,1.01
beta[PCNTKIDS_A_3.0],-0.003,0.046,-0.102,0.093,0.001,0.001,1559.0,941.0,1.0
beta[NUMCAN_A_1.0],-0.002,0.044,-0.091,0.108,0.001,0.001,1547.0,848.0,1.0
beta[NUMCAN_A_2.0],-0.002,0.056,-0.129,0.118,0.002,0.001,1644.0,829.0,1.0
beta[NUMCAN_A_3.0],-0.026,0.097,-0.234,0.105,0.003,0.003,1642.0,862.0,1.0
beta[NUMCAN_A_4.0],0.002,0.079,-0.151,0.153,0.004,0.003,832.0,730.0,1.0
beta[NUMCAN_A_7.0],-0.002,0.07,-0.152,0.14,0.002,0.002,1446.0,896.0,1.0
beta[NUMCAN_A_9.0],-0.001,0.065,-0.138,0.147,0.002,0.001,1410.0,770.0,1.0
beta[HISDETP_A_2.0],-0.007,0.049,-0.121,0.093,0.001,0.001,1885.0,945.0,1.0
beta[HISDETP_A_3.0],-0.031,0.061,-0.177,0.055,0.002,0.001,1644.0,1021.0,1.0
beta[HISDETP_A_8.0],0.004,0.074,-0.148,0.155,0.002,0.002,1368.0,802.0,1.0
beta[HISDETP_A_9.0],-0.008,0.089,-0.162,0.181,0.003,0.002,1299.0,788.0,1.0
beta[HISP_A_2.0],-0.028,0.062,-0.17,0.077,0.002,0.001,1344.0,954.0,1.0
beta[REGION_2.0],0.01,0.037,-0.065,0.084,0.001,0.001,1640.0,879.0,1.0
beta[REGION_3.0],0.027,0.042,-0.037,0.127,0.001,0.001,1230.0,604.0,1.01
beta[REGION_4.0],-0.005,0.036,-0.085,0.069,0.001,0.001,1650.0,762.0,1.0
beta[INTV_QRT_2.0],0.008,0.04,-0.081,0.098,0.001,0.001,1388.0,920.0,1.0
beta[INTV_QRT_3.0],0.003,0.036,-0.073,0.083,0.001,0.001,1499.0,992.0,1.0
beta[INTV_QRT_4.0],-0.056,0.061,-0.182,0.034,0.002,0.001,912.0,962.0,1.0
beta[SEX_A_2.0],0.205,0.085,0.036,0.365,0.003,0.002,684.0,322.0,1.0
beta[SEX_A_7.0],0.01,0.082,-0.137,0.181,0.003,0.002,1527.0,889.0,1.0
beta[SEX_A_9.0],0.004,0.095,-0.174,0.164,0.003,0.002,1664.0,644.0,1.0
beta[ASTATNEW_5.0],-0.005,0.068,-0.143,0.147,0.002,0.002,1913.0,1119.0,1.0
beta[CEVOTELC_A_2.0],-0.065,0.057,-0.177,0.021,0.002,0.001,1003.0,801.0,1.0
beta[CEVOTELC_A_7.0],-0.01,0.077,-0.165,0.137,0.002,0.002,1419.0,883.0,1.0
beta[CEVOTELC_A_8.0],-0.003,0.069,-0.157,0.156,0.002,0.002,1501.0,739.0,1.0
beta[CEVOTELC_A_9.0],-0.001,0.068,-0.137,0.131,0.002,0.002,1826.0,883.0,1.0
beta[CEMMETNG_A_2.0],-0.004,0.042,-0.107,0.074,0.001,0.001,2241.0,848.0,1.0
beta[CEMMETNG_A_7.0],-0.009,0.088,-0.197,0.135,0.003,0.003,1326.0,664.0,1.0
beta[CEMMETNG_A_8.0],-0.004,0.063,-0.136,0.119,0.002,0.001,1274.0,888.0,1.0
beta[CEMMETNG_A_9.0],0.003,0.068,-0.159,0.129,0.002,0.002,1371.0,799.0,1.0
beta[TRANSPOR_A_2.0],0.012,0.046,-0.071,0.129,0.001,0.001,1697.0,725.0,1.0
beta[TRANSPOR_A_7.0],-0.003,0.068,-0.127,0.159,0.002,0.002,1209.0,783.0,1.0
beta[TRANSPOR_A_8.0],-0.006,0.073,-0.154,0.149,0.002,0.002,1511.0,787.0,1.0
beta[TRANSPOR_A_9.0],-0.003,0.071,-0.166,0.136,0.002,0.002,1167.0,851.0,1.0
beta[HOUSECOST_A_2.0],-0.029,0.051,-0.138,0.06,0.001,0.001,1860.0,651.0,1.0
beta[HOUSECOST_A_7.0],-0.003,0.07,-0.119,0.148,0.002,0.002,1642.0,820.0,1.0
beta[HOUSECOST_A_8.0],-0.013,0.083,-0.174,0.16,0.003,0.002,1413.0,776.0,1.0
beta[HOUSECOST_A_9.0],-0.011,0.078,-0.172,0.136,0.002,0.002,1475.0,851.0,1.0
beta[HOUTENURE_A_2.0],-0.014,0.038,-0.089,0.068,0.001,0.001,1367.0,899.0,1.0
beta[HOUTENURE_A_3.0],0.017,0.061,-0.093,0.15,0.002,0.001,1783.0,941.0,1.0
beta[HOUTENURE_A_7.0],-0.007,0.073,-0.144,0.156,0.002,0.002,1630.0,685.0,1.0
beta[HOUTENURE_A_8.0],-0.007,0.071,-0.152,0.126,0.002,0.002,1397.0,853.0,1.0
beta[HOUTENURE_A_9.0],-0.005,0.072,-0.155,0.141,0.002,0.002,1656.0,854.0,1.0
beta[HOUYRSLIV_A_2.0],0.032,0.046,-0.043,0.134,0.001,0.001,1111.0,821.0,1.0
beta[HOUYRSLIV_A_3.0],0.009,0.036,-0.063,0.09,0.001,0.001,1598.0,755.0,1.0
beta[HOUYRSLIV_A_4.0],-0.006,0.037,-0.092,0.064,0.001,0.001,1772.0,918.0,1.0
beta[HOUYRSLIV_A_5.0],0.012,0.041,-0.062,0.111,0.001,0.001,1453.0,850.0,1.0
beta[HOUYRSLIV_A_7.0],-0.01,0.072,-0.169,0.109,0.002,0.002,1161.0,858.0,1.0
beta[HOUYRSLIV_A_8.0],-0.013,0.074,-0.213,0.106,0.002,0.002,1416.0,825.0,1.0
beta[HOUYRSLIV_A_9.0],-0.011,0.076,-0.202,0.121,0.002,0.002,1774.0,671.0,1.0
beta[FDSBALANCE_A_2.0],0.009,0.05,-0.084,0.126,0.001,0.001,1309.0,610.0,1.0
beta[FDSBALANCE_A_3.0],0.001,0.046,-0.092,0.1,0.001,0.001,1572.0,747.0,1.0
beta[FDSBALANCE_A_7.0],-0.006,0.064,-0.144,0.153,0.002,0.002,1438.0,819.0,1.0
beta[FDSBALANCE_A_8.0],-0.001,0.067,-0.118,0.159,0.002,0.002,1776.0,774.0,1.0
beta[FDSBALANCE_A_9.0],-0.012,0.102,-0.156,0.167,0.003,0.002,1498.0,812.0,1.0
beta[FDSLAST_A_2.0],0.042,0.068,-0.06,0.199,0.002,0.001,1302.0,1027.0,1.0
beta[FDSLAST_A_3.0],-0.02,0.054,-0.137,0.076,0.002,0.001,1536.0,967.0,1.0
beta[FDSLAST_A_7.0],-0.006,0.083,-0.172,0.137,0.002,0.002,1773.0,852.0,1.0
beta[FDSLAST_A_8.0],0.0,0.068,-0.13,0.135,0.002,0.002,1338.0,922.0,1.0
beta[FDSLAST_A_9.0],-0.008,0.08,-0.156,0.152,0.003,0.002,1396.0,719.0,1.0
beta[FDSRUNOUT_A_2.0],0.041,0.065,-0.049,0.2,0.002,0.001,1192.0,883.0,1.0
beta[FDSRUNOUT_A_3.0],-0.025,0.054,-0.151,0.067,0.001,0.001,1367.0,1030.0,1.0
beta[FDSRUNOUT_A_7.0],-0.005,0.068,-0.127,0.131,0.002,0.002,1339.0,766.0,1.0
beta[FDSRUNOUT_A_8.0],-0.006,0.071,-0.144,0.133,0.002,0.002,1289.0,802.0,1.0
beta[FDSRUNOUT_A_9.0],-0.005,0.094,-0.167,0.152,0.003,0.003,1678.0,877.0,1.0
beta[FWIC12M_A_2.0],-0.017,0.059,-0.154,0.086,0.002,0.001,1369.0,946.0,1.0
beta[FWIC12M_A_7.0],0.002,0.07,-0.152,0.148,0.002,0.002,1597.0,838.0,1.0
beta[FWIC12M_A_8.0],0.014,0.069,-0.103,0.168,0.002,0.002,2024.0,664.0,1.01
beta[FWIC12M_A_9.0],0.002,0.073,-0.151,0.155,0.002,0.002,1423.0,849.0,1.0
beta[FSNAP12M_A_2.0],-0.023,0.053,-0.157,0.069,0.001,0.001,1258.0,732.0,1.0
beta[FSNAP12M_A_7.0],-0.012,0.079,-0.157,0.137,0.003,0.002,1296.0,745.0,1.0
beta[FSNAP12M_A_8.0],-0.009,0.075,-0.183,0.12,0.002,0.002,1708.0,639.0,1.0
beta[FSNAP12M_A_9.0],-0.014,0.086,-0.204,0.13,0.003,0.002,1285.0,720.0,1.0
beta[INCOTHR_A_2.0],-0.006,0.044,-0.107,0.084,0.001,0.001,2134.0,828.0,1.0
beta[INCOTHR_A_7.0],-0.0,0.066,-0.153,0.126,0.002,0.002,1544.0,845.0,1.0
beta[INCOTHR_A_8.0],-0.008,0.074,-0.146,0.15,0.002,0.002,1625.0,872.0,1.0
beta[INCOTHR_A_9.0],0.002,0.07,-0.105,0.203,0.002,0.002,1295.0,754.0,1.0
beta[INCRETIRE_A_2.0],-0.033,0.052,-0.139,0.064,0.001,0.001,1245.0,777.0,1.0
beta[INCRETIRE_A_7.0],-0.001,0.074,-0.172,0.152,0.003,0.002,1070.0,822.0,1.0
beta[INCRETIRE_A_8.0],-0.004,0.073,-0.192,0.128,0.002,0.002,1600.0,791.0,1.0
beta[INCRETIRE_A_9.0],0.009,0.065,-0.122,0.144,0.002,0.001,1744.0,1061.0,1.0
beta[INCWELF_A_2.0],-0.007,0.048,-0.137,0.072,0.001,0.001,1429.0,717.0,1.0
beta[INCWELF_A_7.0],-0.003,0.07,-0.124,0.161,0.002,0.001,1580.0,948.0,1.0
beta[INCWELF_A_8.0],-0.006,0.085,-0.172,0.156,0.003,0.003,1509.0,655.0,1.0
beta[INCWELF_A_9.0],-0.001,0.072,-0.164,0.13,0.002,0.002,1247.0,545.0,1.0
beta[INCSSISSDI_A_2.0],0.002,0.044,-0.087,0.101,0.001,0.001,1780.0,858.0,1.0
beta[INCSSISSDI_A_7.0],-0.005,0.072,-0.166,0.127,0.002,0.002,1016.0,619.0,1.0
beta[INCSSISSDI_A_8.0],0.001,0.078,-0.147,0.179,0.003,0.002,1509.0,901.0,1.0
beta[INCSSISSDI_A_9.0],-0.005,0.069,-0.154,0.126,0.002,0.002,2002.0,837.0,1.0
beta[INCSSRR_A_2.0],-0.045,0.061,-0.193,0.043,0.002,0.001,1612.0,1001.0,1.0
beta[INCSSRR_A_7.0],-0.006,0.072,-0.145,0.148,0.002,0.002,1626.0,853.0,1.0
beta[INCSSRR_A_8.0],0.003,0.074,-0.156,0.133,0.002,0.002,1292.0,771.0,1.0
beta[INCSSRR_A_9.0],0.008,0.072,-0.126,0.168,0.002,0.002,1215.0,872.0,1.0
beta[INCINTER_A_2.0],0.018,0.042,-0.061,0.108,0.001,0.001,1523.0,949.0,1.0
beta[INCINTER_A_7.0],0.011,0.064,-0.099,0.167,0.002,0.001,1618.0,840.0,1.0
beta[INCINTER_A_8.0],-0.01,0.074,-0.134,0.135,0.002,0.002,1400.0,904.0,1.0
beta[INCINTER_A_9.0],0.005,0.063,-0.126,0.136,0.002,0.002,1419.0,801.0,1.0
beta[INCWRKO_A_2.0],0.008,0.043,-0.071,0.11,0.001,0.001,1830.0,1039.0,1.0
beta[INCWRKO_A_7.0],0.015,0.074,-0.119,0.179,0.002,0.002,1758.0,822.0,1.0
beta[INCWRKO_A_8.0],-0.011,0.072,-0.18,0.121,0.002,0.002,1488.0,905.0,1.0
beta[INCWRKO_A_9.0],-0.009,0.074,-0.167,0.125,0.002,0.002,1231.0,798.0,1.0
beta[CEVOLUN2_A_2.0],-0.022,0.056,-0.162,0.079,0.002,0.001,1535.0,884.0,1.0
beta[CEVOLUN2_A_7.0],-0.002,0.078,-0.185,0.149,0.002,0.002,1419.0,551.0,1.0
beta[CEVOLUN2_A_8.0],0.003,0.077,-0.165,0.139,0.003,0.002,1533.0,709.0,1.0
beta[CEVOLUN2_A_9.0],-0.004,0.076,-0.153,0.164,0.003,0.002,1158.0,730.0,1.0
beta[CEVOLUN1_A_2.0],-0.013,0.036,-0.095,0.049,0.001,0.001,2205.0,914.0,1.0
beta[CEVOLUN1_A_7.0],-0.003,0.065,-0.166,0.129,0.002,0.002,1441.0,695.0,1.01
beta[CEVOLUN1_A_8.0],-0.017,0.082,-0.219,0.114,0.003,0.002,1356.0,778.0,1.0
beta[CEVOLUN1_A_9.0],-0.007,0.077,-0.16,0.132,0.003,0.002,1560.0,855.0,1.0
beta[EMDWRKCAT1_A_2.0],-0.008,0.055,-0.136,0.096,0.002,0.001,1224.0,755.0,1.0
beta[EMDWRKCAT1_A_3.0],0.01,0.047,-0.081,0.124,0.001,0.001,1391.0,885.0,1.0
beta[EMDWRKCAT1_A_4.0],0.004,0.049,-0.081,0.125,0.002,0.001,1396.0,857.0,1.0
beta[EMDWRKCAT1_A_5.0],0.087,0.094,-0.05,0.276,0.003,0.002,1143.0,890.0,1.0
beta[EMDWRKCAT1_A_6.0],0.006,0.082,-0.16,0.172,0.003,0.002,1255.0,879.0,1.0
beta[EMDWRKCAT1_A_7.0],-0.004,0.065,-0.128,0.153,0.002,0.001,1406.0,849.0,1.0
beta[EMDWRKCAT1_A_8.0],-0.005,0.061,-0.146,0.126,0.002,0.002,1046.0,539.0,1.0
beta[EMDWRKCAT1_A_9.0],0.0,0.07,-0.156,0.116,0.002,0.002,1137.0,794.0,1.0
beta[EMDSUPER_A_2.0],-0.104,0.067,-0.23,0.008,0.002,0.002,819.0,745.0,1.0
beta[EMDSUPER_A_7.0],0.005,0.069,-0.12,0.168,0.002,0.002,1218.0,659.0,1.01
beta[EMDSUPER_A_8.0],-0.008,0.07,-0.155,0.141,0.002,0.002,1406.0,807.0,1.0
beta[EMDSUPER_A_9.0],-0.005,0.077,-0.183,0.158,0.002,0.002,1350.0,935.0,1.01
beta[EMPHEALINS_A_2.0],0.057,0.066,-0.034,0.207,0.002,0.001,836.0,809.0,1.0
beta[EMPHEALINS_A_7.0],-0.001,0.081,-0.133,0.159,0.002,0.002,2105.0,761.0,1.0
beta[EMPHEALINS_A_8.0],0.001,0.079,-0.158,0.165,0.003,0.002,1278.0,788.0,1.0
beta[EMPHEALINS_A_9.0],0.01,0.069,-0.128,0.156,0.002,0.002,1371.0,762.0,1.0
beta[EMPSICKLV_A_2.0],0.013,0.04,-0.067,0.103,0.001,0.001,1694.0,836.0,1.0
beta[EMPSICKLV_A_7.0],0.003,0.075,-0.153,0.154,0.003,0.002,1148.0,725.0,1.0
beta[EMPSICKLV_A_8.0],-0.005,0.076,-0.165,0.138,0.003,0.002,1345.0,821.0,1.0
beta[EMPSICKLV_A_9.0],0.001,0.077,-0.14,0.19,0.003,0.002,1301.0,770.0,1.0
beta[EMPLASTWK_A_2.0],0.003,0.039,-0.079,0.088,0.001,0.001,1856.0,926.0,1.0
beta[EMPLASTWK_A_7.0],0.005,0.075,-0.135,0.191,0.002,0.002,1519.0,896.0,1.0
beta[EMPLASTWK_A_8.0],-0.015,0.075,-0.164,0.107,0.002,0.002,1669.0,965.0,1.0
beta[SCHCURENR_A_2.0],0.012,0.05,-0.094,0.12,0.001,0.001,1703.0,943.0,1.0
beta[SCHCURENR_A_8.0],-0.014,0.07,-0.166,0.123,0.002,0.002,1272.0,767.0,1.0
beta[NATUSBORN_A_2.0],-0.031,0.056,-0.162,0.058,0.001,0.001,1555.0,957.0,1.0
beta[NATUSBORN_A_7.0],-0.005,0.07,-0.16,0.144,0.002,0.002,1450.0,687.0,1.0
beta[NATUSBORN_A_8.0],-0.011,0.077,-0.138,0.14,0.002,0.002,1689.0,805.0,1.0
beta[AFVET_A_2.0],-0.01,0.049,-0.124,0.09,0.001,0.001,1579.0,707.0,1.0
beta[AFVET_A_7.0],0.001,0.077,-0.153,0.166,0.003,0.002,1224.0,646.0,1.0
beta[AFVET_A_8.0],-0.015,0.09,-0.192,0.154,0.003,0.002,1500.0,712.0,1.0
beta[AFVET_A_9.0],0.001,0.074,-0.157,0.139,0.002,0.002,1574.0,849.0,1.0
beta[EVRMARRIED_A_2.0],-0.003,0.044,-0.099,0.079,0.001,0.001,1351.0,933.0,1.0
beta[EVRMARRIED_A_7.0],-0.001,0.086,-0.183,0.177,0.003,0.002,1420.0,722.0,1.0
beta[EVRMARRIED_A_9.0],0.002,0.075,-0.167,0.161,0.003,0.002,1341.0,647.0,1.0
beta[SPOUSLIV_A_2.0],0.006,0.053,-0.12,0.114,0.001,0.001,1984.0,872.0,1.0
beta[SPOUSLIV_A_7.0],-0.002,0.074,-0.175,0.152,0.002,0.002,1503.0,839.0,1.0
beta[SPOUSLIV_A_9.0],0.003,0.07,-0.136,0.157,0.002,0.002,1297.0,824.0,1.0
beta[MARITAL_A_2.0],-0.008,0.051,-0.135,0.076,0.001,0.001,2262.0,1010.0,1.0
beta[MARITAL_A_3.0],0.013,0.044,-0.078,0.105,0.001,0.001,1639.0,830.0,1.0
beta[MARITAL_A_7.0],-0.003,0.074,-0.162,0.134,0.002,0.002,1409.0,910.0,1.0
beta[MARITAL_A_8.0],-0.017,0.082,-0.194,0.108,0.003,0.002,1301.0,777.0,1.0
beta[MARITAL_A_9.0],-0.001,0.077,-0.161,0.153,0.002,0.002,1661.0,997.0,1.0
beta[ORIENT_A_2.0],0.007,0.045,-0.077,0.118,0.001,0.001,1529.0,887.0,1.0
beta[ORIENT_A_3.0],0.016,0.062,-0.099,0.164,0.002,0.001,1301.0,915.0,1.0
beta[ORIENT_A_4.0],-0.0,0.061,-0.141,0.134,0.002,0.001,1491.0,736.0,1.0
beta[ORIENT_A_5.0],0.002,0.065,-0.135,0.148,0.002,0.002,1265.0,719.0,1.01
beta[ORIENT_A_7.0],-0.004,0.062,-0.126,0.147,0.002,0.002,1789.0,624.0,1.01
beta[ORIENT_A_8.0],-0.009,0.078,-0.153,0.154,0.002,0.002,1472.0,876.0,1.0
beta[HRJBEXPTB_A_2.0],0.018,0.057,-0.083,0.153,0.002,0.001,1557.0,801.0,1.0
beta[HRJBEXPTB_A_7.0],0.006,0.071,-0.154,0.144,0.002,0.002,1977.0,884.0,1.0
beta[HRJBEXPTB_A_8.0],-0.03,0.12,-0.242,0.15,0.004,0.003,1496.0,916.0,1.0
beta[HRJBEXPTB_A_9.0],-0.001,0.065,-0.147,0.136,0.002,0.002,1910.0,997.0,1.0
beta[HRJBEXP12M_A_2.0],0.016,0.045,-0.056,0.133,0.001,0.001,1516.0,849.0,1.0
beta[HRJBEXP12M_A_7.0],0.004,0.076,-0.146,0.151,0.002,0.002,1599.0,751.0,1.0
beta[HRJBEXP12M_A_8.0],-0.022,0.083,-0.2,0.113,0.002,0.002,1776.0,731.0,1.0
beta[HRJBEXP12M_A_9.0],-0.007,0.076,-0.187,0.138,0.002,0.002,1419.0,828.0,1.0
beta[HRVLOUD12M_A_2.0],-0.046,0.06,-0.178,0.037,0.002,0.001,1132.0,818.0,1.0
beta[HRVLOUD12M_A_7.0],0.006,0.078,-0.133,0.183,0.003,0.002,1114.0,695.0,1.0
beta[HRVLOUD12M_A_8.0],-0.034,0.1,-0.25,0.142,0.003,0.002,1605.0,887.0,1.0
beta[HRVLOUD12M_A_9.0],-0.008,0.082,-0.164,0.163,0.003,0.002,1203.0,903.0,1.0
beta[HRFIREEV_A_2.0],-0.022,0.038,-0.104,0.05,0.001,0.001,1318.0,955.0,1.0
beta[HRFIREEV_A_7.0],-0.007,0.067,-0.156,0.142,0.002,0.002,1302.0,779.0,1.0
beta[HRFIREEV_A_8.0],-0.035,0.105,-0.26,0.128,0.003,0.002,1458.0,769.0,1.0
beta[HRFIREEV_A_9.0],-0.006,0.079,-0.159,0.161,0.003,0.002,1497.0,791.0,1.0
beta[HRLOUDJOB_A_2.0],-0.258,0.073,-0.394,-0.115,0.002,0.002,917.0,844.0,1.0
beta[HRLOUDJOB_A_7.0],0.002,0.074,-0.153,0.17,0.002,0.002,1308.0,749.0,1.0
beta[HRLOUDJOB_A_8.0],-0.033,0.106,-0.22,0.145,0.004,0.003,1733.0,776.0,1.0
beta[HRLOUDJOB_A_9.0],-0.001,0.081,-0.16,0.17,0.003,0.002,1393.0,714.0,1.0
beta[HRTINNITUS_A_2.0],-0.074,0.07,-0.219,0.02,0.002,0.002,794.0,824.0,1.0
beta[HRTINNITUS_A_7.0],0.003,0.072,-0.128,0.143,0.002,0.002,1643.0,741.0,1.0
beta[HRTINNITUS_A_8.0],-0.067,0.175,-0.373,0.169,0.008,0.006,1159.0,620.0,1.0
beta[HRTINNITUS_A_9.0],0.002,0.063,-0.14,0.135,0.002,0.001,1607.0,874.0,1.0
beta[BFALL12M_A_2.0],-0.02,0.043,-0.114,0.055,0.001,0.001,1754.0,965.0,1.0
beta[BFALL12M_A_7.0],-0.003,0.073,-0.165,0.146,0.002,0.002,1584.0,913.0,1.0
beta[BFALL12M_A_8.0],-0.056,0.143,-0.365,0.122,0.005,0.004,1085.0,708.0,1.0
beta[BFALL12M_A_9.0],0.0,0.077,-0.132,0.17,0.003,0.002,1345.0,903.0,1.0
beta[BALDIZZ_A_2.0],-0.382,0.069,-0.528,-0.26,0.002,0.001,1078.0,821.0,1.0
beta[BALDIZZ_A_7.0],-0.005,0.084,-0.202,0.157,0.003,0.002,1553.0,866.0,1.0
beta[BALDIZZ_A_8.0],-0.042,0.123,-0.259,0.14,0.004,0.003,1067.0,730.0,1.0
beta[BALDIZZ_A_9.0],-0.008,0.086,-0.204,0.127,0.003,0.002,1420.0,627.0,1.0
beta[HRTESTLAST_A_2.0],0.009,0.047,-0.087,0.119,0.001,0.001,1880.0,840.0,1.01
beta[HRTESTLAST_A_3.0],-0.003,0.045,-0.104,0.086,0.001,0.001,1569.0,693.0,1.01
beta[HRTESTLAST_A_4.0],0.016,0.05,-0.072,0.141,0.001,0.001,1708.0,899.0,1.0
beta[HRTESTLAST_A_5.0],-0.004,0.036,-0.084,0.076,0.001,0.001,1713.0,739.0,1.0
beta[HRTESTLAST_A_8.0],-0.001,0.077,-0.16,0.161,0.002,0.002,1484.0,822.0,1.0
beta[HRTESTLAST_A_9.0],-0.011,0.075,-0.163,0.127,0.002,0.002,1404.0,722.0,1.0
beta[HRTEST_A_2.0],0.001,0.034,-0.079,0.068,0.001,0.001,1444.0,896.0,1.0
beta[HRTEST_A_7.0],0.002,0.079,-0.153,0.156,0.003,0.002,1319.0,730.0,1.0
beta[HRTEST_A_8.0],-0.025,0.106,-0.251,0.14,0.004,0.003,1158.0,758.0,1.0
beta[HRTEST_A_9.0],0.007,0.069,-0.108,0.203,0.002,0.002,1110.0,763.0,1.0
beta[CBALHDINJ_A_2.0],-0.004,0.036,-0.084,0.067,0.001,0.001,1850.0,702.0,1.0
beta[CBALHDINJ_A_7.0],0.006,0.07,-0.143,0.156,0.002,0.002,1582.0,659.0,1.0
beta[CBALHDINJ_A_8.0],-0.041,0.137,-0.279,0.116,0.005,0.003,1678.0,742.0,1.0
beta[CBALHDINJ_A_9.0],-0.016,0.088,-0.201,0.142,0.003,0.002,1201.0,805.0,1.0
beta[EARINFECT_A_2.0],-0.164,0.102,-0.345,0.018,0.004,0.003,678.0,568.0,1.0
beta[EARINFECT_A_7.0],0.004,0.068,-0.11,0.173,0.002,0.002,2041.0,854.0,1.0
beta[EARINFECT_A_8.0],-0.026,0.088,-0.213,0.116,0.003,0.002,1313.0,703.0,1.0
beta[EARINFECT_A_9.0],-0.007,0.079,-0.18,0.165,0.002,0.002,1494.0,880.0,1.0
beta[HRWHISP_A_2.0],0.008,0.038,-0.061,0.097,0.001,0.001,1603.0,895.0,1.0
beta[HRWHISP_A_7.0],0.0,0.081,-0.143,0.179,0.002,0.002,1696.0,811.0,1.0
beta[HRWHISP_A_8.0],-0.004,0.069,-0.129,0.153,0.002,0.002,1445.0,784.0,1.0
beta[HRWHISP_A_9.0],-0.026,0.075,-0.199,0.093,0.002,0.002,1688.0,856.0,1.0
beta[AHEARST1_A_2.0],0.021,0.039,-0.046,0.114,0.001,0.001,1214.0,885.0,1.0
beta[AHEARST1_A_3.0],0.058,0.065,-0.04,0.197,0.002,0.001,1063.0,1004.0,1.0
beta[AHEARST1_A_4.0],-0.019,0.061,-0.158,0.089,0.002,0.002,1467.0,854.0,1.0
beta[AHEARST1_A_5.0],0.031,0.072,-0.079,0.2,0.002,0.002,2021.0,1013.0,1.0
beta[AHEARST1_A_6.0],-0.002,0.065,-0.133,0.121,0.002,0.001,1497.0,848.0,1.0
beta[AHEARST1_A_7.0],0.005,0.078,-0.155,0.176,0.003,0.002,1653.0,782.0,1.0
beta[AHEARST1_A_8.0],-0.018,0.082,-0.233,0.102,0.003,0.002,1377.0,838.0,1.0
beta[AHEARST1_A_9.0],0.001,0.072,-0.126,0.18,0.002,0.002,1678.0,832.0,1.0
beta[VIMDRIVE_A_2.0],0.009,0.036,-0.058,0.091,0.001,0.001,1169.0,636.0,1.0
beta[VIMDRIVE_A_7.0],-0.002,0.079,-0.162,0.164,0.002,0.002,1589.0,813.0,1.0
beta[VIMDRIVE_A_8.0],-0.015,0.073,-0.172,0.124,0.002,0.002,1736.0,851.0,1.0
beta[VIMDRIVE_A_9.0],0.007,0.091,-0.205,0.129,0.003,0.002,1415.0,674.0,1.0
beta[VIMREAD_A_2.0],-0.016,0.036,-0.096,0.045,0.001,0.001,1881.0,988.0,1.0
beta[VIMREAD_A_7.0],-0.004,0.077,-0.158,0.146,0.002,0.002,1645.0,883.0,1.0
beta[VIMREAD_A_8.0],-0.014,0.074,-0.175,0.108,0.002,0.002,1622.0,917.0,1.0
beta[VIMREAD_A_9.0],0.008,0.073,-0.168,0.154,0.002,0.002,1276.0,602.0,1.0
beta[AVISEXAM_A_1.0],0.047,0.052,-0.032,0.154,0.002,0.001,991.0,918.0,1.0
beta[AVISEXAM_A_2.0],-0.023,0.05,-0.155,0.053,0.001,0.001,1524.0,883.0,1.0
beta[AVISEXAM_A_3.0],-0.01,0.047,-0.112,0.082,0.001,0.001,1681.0,885.0,1.01
beta[AVISEXAM_A_4.0],0.019,0.051,-0.081,0.128,0.001,0.001,1218.0,752.0,1.0
beta[AVISEXAM_A_5.0],-0.006,0.04,-0.096,0.078,0.001,0.001,1463.0,940.0,1.0
beta[AVISEXAM_A_7.0],-0.007,0.067,-0.156,0.131,0.002,0.002,1672.0,803.0,1.0
beta[AVISEXAM_A_8.0],-0.014,0.085,-0.194,0.122,0.003,0.003,1289.0,686.0,1.0
beta[AVISEXAM_A_9.0],0.026,0.073,-0.094,0.189,0.002,0.002,2105.0,1069.0,1.0
beta[SMOKELSEV_A_2.0],-0.001,0.04,-0.097,0.076,0.001,0.001,1998.0,902.0,1.0
beta[SMOKELSEV_A_7.0],0.004,0.071,-0.102,0.172,0.002,0.002,1631.0,916.0,1.0
beta[SMOKELSEV_A_8.0],-0.007,0.063,-0.133,0.141,0.002,0.002,1380.0,700.0,1.0
beta[SMOKELSEV_A_9.0],-0.002,0.078,-0.159,0.143,0.003,0.002,1392.0,706.0,1.0
beta[PIPEEV_A_2.0],0.005,0.035,-0.076,0.08,0.001,0.001,2378.0,990.0,1.0
beta[PIPEEV_A_7.0],-0.0,0.075,-0.149,0.147,0.002,0.002,1618.0,719.0,1.0
beta[PIPEEV_A_8.0],-0.005,0.072,-0.161,0.125,0.002,0.002,1320.0,829.0,1.0
beta[PIPEEV_A_9.0],-0.0,0.064,-0.145,0.121,0.002,0.001,1645.0,923.0,1.0
beta[CIGAREV_A_2.0],0.004,0.035,-0.074,0.079,0.001,0.001,1638.0,840.0,1.0
beta[CIGAREV_A_7.0],-0.001,0.078,-0.126,0.19,0.002,0.002,1678.0,953.0,1.0
beta[CIGAREV_A_8.0],-0.007,0.074,-0.164,0.173,0.002,0.002,1547.0,917.0,1.0
beta[CIGAREV_A_9.0],-0.001,0.071,-0.129,0.185,0.002,0.002,2320.0,1086.0,1.01
beta[ECIGEV_A_2.0],-0.0,0.039,-0.073,0.092,0.001,0.001,1480.0,885.0,1.0
beta[ECIGEV_A_7.0],-0.004,0.068,-0.122,0.138,0.002,0.002,1556.0,902.0,1.0
beta[ECIGEV_A_8.0],-0.004,0.075,-0.174,0.143,0.002,0.002,1788.0,885.0,1.0
beta[ECIGEV_A_9.0],0.004,0.069,-0.144,0.167,0.002,0.002,2185.0,839.0,1.0
beta[SMKEV_A_2.0],-0.0,0.038,-0.084,0.074,0.001,0.001,1419.0,723.0,1.0
beta[SMKEV_A_7.0],0.003,0.069,-0.135,0.154,0.002,0.002,1540.0,854.0,1.0
beta[SMKEV_A_8.0],-0.003,0.068,-0.123,0.183,0.002,0.002,1430.0,787.0,1.0
beta[SMKEV_A_9.0],0.001,0.075,-0.134,0.173,0.003,0.002,1217.0,688.0,1.0
beta[TBIHLSBMC_A_2.0],-0.035,0.072,-0.223,0.062,0.002,0.002,1473.0,1029.0,1.0
beta[TBIHLSBMC_A_7.0],-0.006,0.084,-0.126,0.179,0.003,0.003,1409.0,657.0,1.0
beta[TBIHLSBMC_A_8.0],0.002,0.066,-0.132,0.154,0.002,0.002,1817.0,948.0,1.01
beta[TBIHLSBMC_A_9.0],-0.001,0.072,-0.179,0.129,0.002,0.002,1630.0,948.0,1.0
beta[TBILCDCMG_A_2.0],-0.047,0.087,-0.251,0.071,0.003,0.002,1239.0,765.0,1.0
beta[TBILCDCMG_A_7.0],-0.003,0.073,-0.186,0.125,0.002,0.002,1663.0,816.0,1.0
beta[TBILCDCMG_A_8.0],-0.004,0.068,-0.141,0.113,0.002,0.002,1672.0,759.0,1.0
beta[TBILCDCMG_A_9.0],0.001,0.079,-0.148,0.168,0.003,0.002,1379.0,746.0,1.0
beta[ANYINJURY_A_2.0],-0.011,0.041,-0.105,0.062,0.001,0.001,2009.0,914.0,1.0
beta[ANYINJURY_A_7.0],0.002,0.074,-0.16,0.142,0.002,0.002,1530.0,755.0,1.0
beta[ANYINJURY_A_8.0],-0.001,0.073,-0.138,0.16,0.002,0.002,1909.0,825.0,1.0
beta[REPSTRAIN_A_2.0],-0.018,0.04,-0.116,0.047,0.001,0.001,1631.0,695.0,1.0
beta[REPSTRAIN_A_7.0],0.001,0.072,-0.144,0.151,0.002,0.002,1595.0,973.0,1.0
beta[REPSTRAIN_A_8.0],-0.008,0.066,-0.148,0.125,0.002,0.002,1318.0,771.0,1.0
beta[REPSTRAIN_A_9.0],0.0,0.069,-0.149,0.141,0.002,0.002,1626.0,800.0,1.0
beta[PAITOOTH3M_A_2.0],0.02,0.045,-0.052,0.124,0.001,0.001,1449.0,948.0,1.0
beta[PAITOOTH3M_A_3.0],0.014,0.059,-0.107,0.134,0.002,0.001,1614.0,763.0,1.0
beta[PAITOOTH3M_A_4.0],0.026,0.067,-0.103,0.162,0.002,0.002,1397.0,952.0,1.0
beta[PAITOOTH3M_A_7.0],-0.003,0.072,-0.159,0.121,0.002,0.002,1334.0,822.0,1.0
beta[PAITOOTH3M_A_8.0],-0.009,0.079,-0.167,0.133,0.002,0.002,1835.0,854.0,1.0
beta[PAITOOTH3M_A_9.0],-0.002,0.078,-0.167,0.142,0.002,0.002,1449.0,865.0,1.0
beta[PAIAPG3M_A_2.0],0.017,0.044,-0.073,0.111,0.001,0.001,1540.0,827.0,1.0
beta[PAIAPG3M_A_3.0],0.014,0.055,-0.098,0.126,0.001,0.001,2525.0,1001.0,1.0
beta[PAIAPG3M_A_4.0],-0.014,0.052,-0.148,0.076,0.001,0.001,1766.0,779.0,1.0
beta[PAIAPG3M_A_7.0],-0.002,0.07,-0.135,0.144,0.002,0.002,1414.0,764.0,1.01
beta[PAIAPG3M_A_8.0],-0.002,0.078,-0.143,0.142,0.002,0.002,1444.0,926.0,1.0
beta[PAIAPG3M_A_9.0],0.001,0.073,-0.152,0.147,0.002,0.002,1810.0,915.0,1.0
beta[PAIHDFC3M_A_2.0],0.019,0.039,-0.059,0.103,0.001,0.001,1515.0,936.0,1.0
beta[PAIHDFC3M_A_3.0],0.285,0.112,0.056,0.489,0.004,0.003,884.0,603.0,1.0
beta[PAIHDFC3M_A_4.0],0.027,0.056,-0.061,0.154,0.002,0.001,1513.0,797.0,1.0
beta[PAIHDFC3M_A_7.0],-0.009,0.09,-0.188,0.186,0.004,0.003,1169.0,715.0,1.0
beta[PAIHDFC3M_A_8.0],-0.003,0.067,-0.158,0.131,0.002,0.002,1586.0,810.0,1.0
beta[PAILLMB3M_A_2.0],0.022,0.045,-0.047,0.13,0.001,0.001,1349.0,920.0,1.0
beta[PAILLMB3M_A_3.0],-0.003,0.04,-0.085,0.089,0.001,0.001,1360.0,777.0,1.0
beta[PAILLMB3M_A_4.0],0.022,0.045,-0.063,0.122,0.001,0.001,1581.0,963.0,1.0
beta[PAILLMB3M_A_7.0],-0.006,0.076,-0.152,0.181,0.002,0.002,1439.0,801.0,1.0
beta[PAILLMB3M_A_8.0],-0.009,0.077,-0.165,0.145,0.003,0.003,1255.0,530.0,1.0
beta[PAILLMB3M_A_9.0],-0.002,0.079,-0.154,0.166,0.003,0.002,1285.0,911.0,1.0
beta[PAIULMB3M_A_2.0],-0.005,0.035,-0.081,0.069,0.001,0.001,1809.0,879.0,1.0
beta[PAIULMB3M_A_3.0],0.099,0.088,-0.014,0.278,0.003,0.002,843.0,744.0,1.0
beta[PAIULMB3M_A_4.0],0.024,0.051,-0.077,0.138,0.001,0.001,1324.0,706.0,1.0
beta[PAIULMB3M_A_7.0],-0.005,0.069,-0.163,0.135,0.002,0.002,1272.0,757.0,1.01
beta[PAIULMB3M_A_8.0],-0.001,0.078,-0.169,0.147,0.003,0.002,1119.0,610.0,1.0
beta[PAIULMB3M_A_9.0],-0.006,0.069,-0.157,0.136,0.002,0.002,1869.0,862.0,1.0
beta[PAIBACK3M_A_2.0],0.01,0.035,-0.056,0.091,0.001,0.001,1428.0,907.0,1.0
beta[PAIBACK3M_A_3.0],-0.005,0.042,-0.089,0.088,0.001,0.001,1380.0,918.0,1.0
beta[PAIBACK3M_A_4.0],0.029,0.049,-0.05,0.136,0.001,0.001,1862.0,849.0,1.0
beta[PAIBACK3M_A_7.0],-0.003,0.073,-0.162,0.151,0.002,0.002,1569.0,868.0,1.0
beta[PAIBACK3M_A_8.0],-0.007,0.072,-0.172,0.142,0.002,0.002,1512.0,946.0,1.0
beta[PAIBACK3M_A_9.0],0.002,0.078,-0.141,0.146,0.003,0.002,1164.0,670.0,1.0
beta[PAIAFFM3M_A_2.0],0.128,0.083,-0.009,0.284,0.003,0.002,883.0,642.0,1.0
beta[PAIAFFM3M_A_3.0],-0.015,0.056,-0.151,0.085,0.002,0.001,1691.0,815.0,1.0
beta[PAIAFFM3M_A_4.0],0.006,0.056,-0.119,0.118,0.002,0.001,1691.0,653.0,1.0
beta[PAIAFFM3M_A_8.0],-0.006,0.073,-0.153,0.145,0.003,0.002,1323.0,699.0,1.01
beta[PAIAFFM3M_A_9.0],0.007,0.076,-0.161,0.174,0.003,0.002,1311.0,715.0,1.01
beta[PAIWKLM3M_A_2.0],0.187,0.077,0.033,0.343,0.003,0.002,721.0,329.0,1.01
beta[PAIWKLM3M_A_3.0],0.024,0.053,-0.067,0.148,0.001,0.001,1928.0,829.0,1.0
beta[PAIWKLM3M_A_4.0],0.012,0.053,-0.098,0.127,0.002,0.001,1249.0,770.0,1.0
beta[PAIWKLM3M_A_8.0],-0.001,0.071,-0.14,0.16,0.002,0.002,1374.0,819.0,1.0
beta[PAIWKLM3M_A_9.0],-0.002,0.069,-0.138,0.168,0.002,0.002,1591.0,701.0,1.0
beta[PAIAMNT_A_2.0],0.191,0.104,-0.01,0.372,0.003,0.002,824.0,591.0,1.0
beta[PAIAMNT_A_3.0],0.043,0.055,-0.035,0.175,0.002,0.001,931.0,780.0,1.0
beta[PAIAMNT_A_8.0],-0.004,0.09,-0.15,0.208,0.003,0.002,1377.0,633.0,1.0
beta[PAIAMNT_A_9.0],0.004,0.07,-0.13,0.16,0.002,0.002,1353.0,727.0,1.0
beta[PAIFRQ3M_A_2.0],-0.016,0.04,-0.103,0.053,0.001,0.001,1401.0,1029.0,1.0
beta[PAIFRQ3M_A_3.0],0.022,0.051,-0.062,0.139,0.002,0.001,1123.0,743.0,1.0
beta[PAIFRQ3M_A_4.0],0.064,0.071,-0.036,0.208,0.002,0.002,1123.0,1030.0,1.0
beta[PAIFRQ3M_A_7.0],-0.001,0.084,-0.149,0.164,0.003,0.003,1628.0,853.0,1.0
beta[PAIFRQ3M_A_8.0],-0.004,0.071,-0.174,0.136,0.002,0.002,1617.0,753.0,1.0
beta[PAIFRQ3M_A_9.0],-0.002,0.072,-0.138,0.146,0.002,0.002,1607.0,788.0,1.0
beta[VIGIL4_A_2.0],0.056,0.069,-0.042,0.207,0.002,0.002,1236.0,717.0,1.0
beta[VIGIL4_A_3.0],-0.011,0.039,-0.1,0.059,0.001,0.001,1747.0,920.0,1.0
beta[VIGIL4_A_4.0],-0.029,0.057,-0.171,0.061,0.002,0.001,1413.0,815.0,1.0
beta[VIGIL4_A_5.0],-0.006,0.037,-0.091,0.069,0.001,0.001,1803.0,987.0,1.0
beta[VIGIL4_A_7.0],-0.017,0.112,-0.192,0.149,0.003,0.002,1449.0,874.0,1.0
beta[VIGIL4_A_8.0],0.002,0.07,-0.138,0.162,0.002,0.002,1733.0,660.0,1.0
beta[VIGIL4_A_9.0],-0.02,0.096,-0.21,0.128,0.003,0.003,1659.0,771.0,1.0
beta[VIGIL3_A_2.0],-0.021,0.047,-0.127,0.061,0.001,0.001,1606.0,899.0,1.0
beta[VIGIL3_A_3.0],-0.006,0.044,-0.101,0.082,0.001,0.001,1364.0,884.0,1.0
beta[VIGIL3_A_4.0],-0.071,0.095,-0.284,0.057,0.003,0.002,1051.0,920.0,1.0
beta[VIGIL3_A_5.0],-0.088,0.063,-0.206,0.019,0.002,0.001,844.0,1066.0,1.0
beta[VIGIL3_A_7.0],-0.012,0.084,-0.163,0.156,0.003,0.002,1306.0,695.0,1.0
beta[VIGIL3_A_8.0],0.006,0.069,-0.122,0.162,0.002,0.002,1350.0,915.0,1.0
beta[VIGIL3_A_9.0],-0.0,0.072,-0.168,0.152,0.002,0.002,1106.0,739.0,1.0
beta[VIGIL2_A_2.0],-0.024,0.065,-0.188,0.075,0.002,0.001,2008.0,933.0,1.0
beta[VIGIL2_A_3.0],-0.015,0.05,-0.139,0.08,0.001,0.001,1792.0,832.0,1.0
beta[VIGIL2_A_4.0],-0.027,0.06,-0.152,0.069,0.002,0.001,1560.0,747.0,1.0
beta[VIGIL2_A_5.0],0.025,0.049,-0.052,0.14,0.001,0.001,1453.0,886.0,1.0
beta[VIGIL2_A_7.0],-0.008,0.07,-0.173,0.135,0.002,0.002,1655.0,615.0,1.0
beta[VIGIL2_A_8.0],0.009,0.071,-0.16,0.133,0.002,0.002,1899.0,904.0,1.0
beta[VIGIL2_A_9.0],0.006,0.07,-0.131,0.173,0.002,0.002,1643.0,856.0,1.0
beta[VIGIL1_A_2.0],-0.01,0.057,-0.114,0.108,0.002,0.001,1223.0,768.0,1.0
beta[VIGIL1_A_3.0],-0.044,0.078,-0.22,0.061,0.002,0.002,1307.0,883.0,1.0
beta[VIGIL1_A_4.0],-0.052,0.084,-0.259,0.066,0.002,0.002,1251.0,558.0,1.0
beta[VIGIL1_A_5.0],0.027,0.05,-0.055,0.138,0.001,0.001,1562.0,916.0,1.0
beta[VIGIL1_A_7.0],-0.007,0.068,-0.168,0.116,0.002,0.002,1222.0,732.0,1.0
beta[VIGIL1_A_8.0],0.002,0.07,-0.125,0.163,0.002,0.002,1371.0,792.0,1.0
beta[VIGIL1_A_9.0],-0.001,0.067,-0.168,0.126,0.002,0.002,1297.0,610.0,1.0
beta[DISCRIM5_A_2.0],-0.038,0.079,-0.218,0.08,0.002,0.002,1546.0,781.0,1.0
beta[DISCRIM5_A_3.0],-0.006,0.05,-0.114,0.1,0.001,0.001,1798.0,982.0,1.0
beta[DISCRIM5_A_4.0],0.019,0.051,-0.059,0.154,0.001,0.001,1586.0,790.0,1.0
beta[DISCRIM5_A_5.0],-0.001,0.039,-0.088,0.084,0.001,0.001,1613.0,955.0,1.0
beta[DISCRIM5_A_7.0],-0.013,0.077,-0.172,0.161,0.002,0.002,1493.0,784.0,1.0
beta[DISCRIM5_A_8.0],-0.003,0.074,-0.144,0.165,0.002,0.002,1785.0,789.0,1.0
beta[DISCRIM5_A_9.0],-0.012,0.086,-0.161,0.144,0.003,0.002,1341.0,611.0,1.0
beta[DISCRIM4_A_2.0],0.004,0.057,-0.108,0.136,0.002,0.001,1564.0,687.0,1.0
beta[DISCRIM4_A_3.0],-0.042,0.07,-0.194,0.07,0.002,0.001,1210.0,927.0,1.0
beta[DISCRIM4_A_4.0],-0.016,0.055,-0.135,0.1,0.002,0.001,1531.0,731.0,1.0
beta[DISCRIM4_A_5.0],0.012,0.045,-0.069,0.128,0.001,0.001,1648.0,880.0,1.0
beta[DISCRIM4_A_7.0],-0.004,0.079,-0.165,0.145,0.002,0.002,1215.0,719.0,1.0
beta[DISCRIM4_A_8.0],-0.001,0.07,-0.177,0.139,0.002,0.002,1569.0,917.0,1.0
beta[DISCRIM4_A_9.0],0.007,0.069,-0.143,0.166,0.002,0.002,1235.0,632.0,1.0
beta[DISCRIM3_A_2.0],0.074,0.093,-0.048,0.272,0.002,0.002,1186.0,956.0,1.0
beta[DISCRIM3_A_3.0],-0.032,0.056,-0.175,0.048,0.001,0.001,1254.0,700.0,1.0
beta[DISCRIM3_A_4.0],-0.018,0.046,-0.134,0.053,0.001,0.001,1703.0,976.0,1.0
beta[DISCRIM3_A_5.0],0.034,0.05,-0.051,0.138,0.001,0.001,1355.0,985.0,1.0
beta[DISCRIM3_A_7.0],-0.01,0.085,-0.187,0.148,0.003,0.002,1290.0,705.0,1.0
beta[DISCRIM3_A_8.0],0.003,0.068,-0.116,0.153,0.002,0.002,1255.0,888.0,1.0
beta[DISCRIM3_A_9.0],-0.03,0.105,-0.224,0.161,0.003,0.002,1416.0,785.0,1.0
beta[DISCRIM2_A_2.0],0.034,0.068,-0.063,0.202,0.002,0.001,1698.0,962.0,1.0
beta[DISCRIM2_A_3.0],-0.001,0.041,-0.095,0.084,0.001,0.001,1343.0,946.0,1.0
beta[DISCRIM2_A_4.0],0.002,0.039,-0.081,0.086,0.001,0.001,2079.0,915.0,1.0
beta[DISCRIM2_A_5.0],-0.03,0.049,-0.135,0.054,0.001,0.001,1117.0,887.0,1.0
beta[DISCRIM2_A_7.0],-0.013,0.089,-0.167,0.164,0.003,0.003,1369.0,710.0,1.01
beta[DISCRIM2_A_8.0],0.0,0.067,-0.166,0.12,0.002,0.001,1586.0,945.0,1.01
beta[DISCRIM2_A_9.0],-0.01,0.069,-0.162,0.133,0.002,0.002,1787.0,905.0,1.0
beta[DISCRIM1_A_2.0],-0.02,0.052,-0.156,0.06,0.001,0.001,1506.0,916.0,1.0
beta[DISCRIM1_A_3.0],0.051,0.06,-0.029,0.183,0.002,0.001,1300.0,860.0,1.0
beta[DISCRIM1_A_4.0],-0.047,0.06,-0.178,0.041,0.002,0.001,1028.0,819.0,1.0
beta[DISCRIM1_A_5.0],-0.021,0.043,-0.106,0.066,0.001,0.001,1243.0,921.0,1.0
beta[DISCRIM1_A_7.0],-0.012,0.085,-0.178,0.139,0.003,0.002,1378.0,720.0,1.0
beta[DISCRIM1_A_8.0],-0.008,0.067,-0.169,0.112,0.002,0.002,1292.0,861.0,1.0
beta[DISCRIM1_A_9.0],0.004,0.066,-0.136,0.13,0.002,0.002,1246.0,823.0,1.0
beta[PHQ44_A_2.0],0.009,0.041,-0.063,0.113,0.001,0.001,1476.0,782.0,1.0
beta[PHQ44_A_3.0],-0.001,0.054,-0.102,0.137,0.001,0.001,2049.0,852.0,1.0
beta[PHQ44_A_4.0],0.014,0.055,-0.095,0.145,0.001,0.001,1974.0,949.0,1.0
beta[PHQ44_A_7.0],-0.009,0.082,-0.16,0.163,0.002,0.002,1609.0,892.0,1.0
beta[PHQ44_A_8.0],-0.009,0.075,-0.183,0.132,0.003,0.002,1225.0,857.0,1.0
beta[PHQ44_A_9.0],0.008,0.076,-0.146,0.17,0.002,0.002,1530.0,730.0,1.0
beta[PHQ43_A_2.0],0.026,0.043,-0.043,0.122,0.001,0.001,1252.0,612.0,1.0
beta[PHQ43_A_3.0],-0.029,0.061,-0.15,0.092,0.002,0.002,1479.0,826.0,1.0
beta[PHQ43_A_4.0],0.02,0.056,-0.083,0.14,0.001,0.001,1568.0,797.0,1.0
beta[PHQ43_A_7.0],-0.012,0.078,-0.173,0.136,0.002,0.002,1898.0,885.0,1.0
beta[PHQ43_A_8.0],-0.008,0.075,-0.175,0.129,0.002,0.002,1462.0,897.0,1.0
beta[PHQ43_A_9.0],-0.01,0.083,-0.168,0.142,0.003,0.003,1222.0,737.0,1.0
beta[PHQ42_A_2.0],0.021,0.045,-0.047,0.128,0.001,0.001,1471.0,884.0,1.0
beta[PHQ42_A_3.0],0.003,0.054,-0.11,0.12,0.002,0.001,1527.0,804.0,1.01
beta[PHQ42_A_4.0],0.024,0.064,-0.1,0.179,0.002,0.002,1093.0,669.0,1.0
beta[PHQ42_A_7.0],-0.012,0.071,-0.171,0.11,0.002,0.002,1747.0,1041.0,1.0
beta[PHQ42_A_8.0],-0.007,0.074,-0.181,0.14,0.002,0.002,1567.0,822.0,1.0
beta[PHQ42_A_9.0],-0.001,0.068,-0.155,0.14,0.003,0.002,1404.0,728.0,1.0
beta[PHQ41_A_2.0],0.024,0.047,-0.058,0.129,0.001,0.001,1690.0,734.0,1.0
beta[PHQ41_A_3.0],0.021,0.056,-0.069,0.166,0.001,0.001,1970.0,917.0,1.0
beta[PHQ41_A_4.0],0.02,0.059,-0.086,0.148,0.002,0.001,1377.0,960.0,1.0
beta[PHQ41_A_7.0],-0.009,0.072,-0.186,0.107,0.002,0.002,1546.0,704.0,1.0
beta[PHQ41_A_8.0],-0.001,0.068,-0.163,0.123,0.002,0.002,1521.0,598.0,1.0
beta[PHQ41_A_9.0],-0.007,0.077,-0.134,0.157,0.003,0.003,1369.0,731.0,1.0
beta[MHTHND_A_2.0],0.016,0.051,-0.081,0.138,0.002,0.001,1260.0,783.0,1.0
beta[MHTHND_A_7.0],0.003,0.064,-0.136,0.127,0.002,0.001,1726.0,769.0,1.01
beta[MHTHND_A_8.0],-0.003,0.068,-0.173,0.118,0.002,0.002,1419.0,713.0,1.01
beta[MHTHND_A_9.0],-0.006,0.078,-0.202,0.135,0.002,0.002,1681.0,739.0,1.0
beta[MHTHDLY_A_2.0],0.007,0.047,-0.082,0.121,0.001,0.001,1472.0,856.0,1.0
beta[MHTHDLY_A_7.0],0.0,0.077,-0.145,0.166,0.003,0.002,1250.0,750.0,1.0
beta[MHTHDLY_A_8.0],-0.003,0.067,-0.148,0.142,0.002,0.002,1585.0,878.0,1.0
beta[MHTHDLY_A_9.0],-0.002,0.078,-0.161,0.157,0.003,0.002,1150.0,577.0,1.0
beta[MHTHRPY_A_2.0],0.014,0.041,-0.062,0.107,0.001,0.001,1470.0,902.0,1.0
beta[MHTHRPY_A_7.0],0.001,0.066,-0.164,0.116,0.002,0.002,1414.0,796.0,1.0
beta[MHTHRPY_A_8.0],0.001,0.074,-0.142,0.136,0.003,0.002,1218.0,723.0,1.0
beta[MHTHRPY_A_9.0],0.003,0.075,-0.144,0.134,0.002,0.002,2016.0,991.0,1.0
beta[MHRX_A_2.0],0.0,0.05,-0.108,0.105,0.001,0.001,1860.0,884.0,1.0
beta[MHRX_A_7.0],-0.005,0.068,-0.152,0.115,0.002,0.002,1601.0,506.0,1.0
beta[MHRX_A_8.0],-0.001,0.074,-0.157,0.151,0.002,0.002,2013.0,939.0,1.01
beta[MHRX_A_9.0],0.003,0.074,-0.138,0.138,0.002,0.002,1415.0,769.0,1.0
beta[DEPLEVEL_A_2.0],0.021,0.052,-0.068,0.143,0.002,0.001,1438.0,716.0,1.0
beta[DEPLEVEL_A_3.0],0.078,0.068,-0.019,0.216,0.002,0.001,1166.0,987.0,1.0
beta[DEPLEVEL_A_7.0],-0.005,0.07,-0.17,0.13,0.002,0.002,1286.0,825.0,1.0
beta[DEPLEVEL_A_8.0],0.001,0.066,-0.122,0.134,0.002,0.002,1492.0,814.0,1.0
beta[DEPLEVEL_A_9.0],-0.019,0.091,-0.205,0.116,0.003,0.003,1414.0,840.0,1.0
beta[DEPMED_A_2.0],0.013,0.043,-0.065,0.115,0.001,0.001,1471.0,794.0,1.0
beta[DEPMED_A_7.0],0.001,0.069,-0.124,0.145,0.002,0.002,1393.0,797.0,1.0
beta[DEPMED_A_8.0],0.001,0.075,-0.167,0.152,0.002,0.002,1428.0,729.0,1.0
beta[DEPMED_A_9.0],-0.01,0.074,-0.198,0.122,0.003,0.002,1311.0,686.0,1.0
beta[DEPFREQ_A_2.0],0.013,0.048,-0.074,0.126,0.001,0.001,1548.0,826.0,1.0
beta[DEPFREQ_A_3.0],-0.013,0.048,-0.122,0.077,0.001,0.001,1500.0,780.0,1.0
beta[DEPFREQ_A_4.0],0.001,0.035,-0.08,0.071,0.001,0.001,1484.0,1004.0,1.0
beta[DEPFREQ_A_5.0],-0.036,0.053,-0.15,0.045,0.001,0.001,1433.0,998.0,1.0
beta[DEPFREQ_A_7.0],0.004,0.071,-0.133,0.182,0.002,0.002,1333.0,622.0,1.0
beta[DEPFREQ_A_8.0],-0.003,0.072,-0.153,0.14,0.003,0.002,1314.0,697.0,1.0
beta[DEPFREQ_A_9.0],-0.02,0.078,-0.21,0.109,0.003,0.002,1139.0,695.0,1.0
beta[ANXLEVEL_A_2.0],0.039,0.059,-0.05,0.179,0.002,0.001,1136.0,793.0,1.0
beta[ANXLEVEL_A_3.0],0.006,0.036,-0.07,0.082,0.001,0.001,1613.0,763.0,1.0
beta[ANXLEVEL_A_7.0],-0.006,0.067,-0.145,0.144,0.002,0.002,1184.0,795.0,1.0
beta[ANXLEVEL_A_8.0],0.003,0.074,-0.137,0.133,0.002,0.002,1379.0,676.0,1.0
beta[ANXLEVEL_A_9.0],-0.012,0.079,-0.214,0.116,0.002,0.002,1551.0,616.0,1.0
beta[ANXMED_A_2.0],0.007,0.042,-0.079,0.098,0.001,0.001,1827.0,997.0,1.0
beta[ANXMED_A_7.0],-0.007,0.074,-0.172,0.136,0.002,0.002,1355.0,801.0,1.0
beta[ANXMED_A_8.0],-0.004,0.068,-0.149,0.137,0.002,0.002,1527.0,856.0,1.0
beta[ANXMED_A_9.0],-0.005,0.077,-0.17,0.158,0.003,0.002,1314.0,751.0,1.0
beta[ANXFREQ_A_2.0],-0.025,0.048,-0.141,0.052,0.001,0.001,1112.0,670.0,1.0
beta[ANXFREQ_A_3.0],-0.029,0.051,-0.147,0.055,0.001,0.001,1731.0,999.0,1.0
beta[ANXFREQ_A_4.0],0.027,0.044,-0.035,0.132,0.001,0.001,1203.0,782.0,1.0
beta[ANXFREQ_A_5.0],-0.024,0.048,-0.132,0.057,0.001,0.001,1602.0,739.0,1.0
beta[ANXFREQ_A_7.0],-0.002,0.07,-0.156,0.139,0.002,0.002,1333.0,693.0,1.01
beta[ANXFREQ_A_8.0],-0.005,0.064,-0.134,0.134,0.002,0.002,1212.0,782.0,1.01
beta[ANXFREQ_A_9.0],-0.012,0.073,-0.155,0.129,0.002,0.002,1710.0,885.0,1.0
beta[HOMEHC12M_A_2.0],-0.0,0.054,-0.13,0.1,0.002,0.001,1480.0,940.0,1.0
beta[HOMEHC12M_A_7.0],-0.001,0.075,-0.164,0.143,0.002,0.002,1536.0,752.0,1.0
beta[HOMEHC12M_A_8.0],0.004,0.069,-0.17,0.116,0.002,0.002,1624.0,806.0,1.0
beta[HOMEHC12M_A_9.0],-0.003,0.078,-0.119,0.158,0.003,0.002,1131.0,745.0,1.0
beta[THERA12M_A_2.0],0.003,0.036,-0.073,0.083,0.001,0.001,1740.0,922.0,1.0
beta[THERA12M_A_7.0],-0.005,0.074,-0.148,0.178,0.002,0.002,1516.0,815.0,1.0
beta[THERA12M_A_8.0],-0.001,0.071,-0.181,0.124,0.002,0.002,1589.0,808.0,1.0
beta[THERA12M_A_9.0],-0.003,0.082,-0.154,0.189,0.003,0.002,1403.0,724.0,1.0
beta[EYEEX12M_A_2.0],-0.003,0.034,-0.081,0.069,0.001,0.001,1807.0,987.0,1.0
beta[EYEEX12M_A_7.0],0.009,0.076,-0.165,0.154,0.002,0.002,1571.0,696.0,1.01
beta[EYEEX12M_A_8.0],-0.002,0.067,-0.17,0.125,0.003,0.002,1244.0,622.0,1.0
beta[EYEEX12M_A_9.0],-0.004,0.087,-0.152,0.147,0.003,0.003,1512.0,662.0,1.0
beta[TRAVEL_A_2.0],0.013,0.035,-0.057,0.09,0.001,0.001,2314.0,934.0,1.0
beta[TRAVEL_A_7.0],0.005,0.074,-0.131,0.173,0.002,0.002,1830.0,855.0,1.0
beta[TRAVEL_A_8.0],0.001,0.064,-0.126,0.152,0.002,0.002,1321.0,769.0,1.0
beta[TRAVEL_A_9.0],0.003,0.073,-0.129,0.191,0.002,0.002,1290.0,627.0,1.0
beta[WRKHLTHFC_A_2.0],-0.004,0.05,-0.101,0.107,0.001,0.001,1686.0,668.0,1.0
beta[WRKHLTHFC_A_7.0],0.0,0.07,-0.135,0.149,0.002,0.002,1525.0,719.0,1.0
beta[WRKHLTHFC_A_8.0],0.004,0.09,-0.154,0.183,0.003,0.002,1399.0,802.0,1.0
beta[WRKHLTHFC_A_9.0],-0.006,0.092,-0.15,0.151,0.003,0.002,1702.0,899.0,1.0
beta[WORKHEALTH_A_2.0],-0.067,0.074,-0.221,0.046,0.002,0.002,1030.0,809.0,1.0
beta[WORKHEALTH_A_8.0],-0.003,0.067,-0.134,0.149,0.002,0.002,1375.0,645.0,1.0
beta[WORKHEALTH_A_9.0],-0.003,0.077,-0.152,0.151,0.002,0.002,1921.0,831.0,1.0
beta[LIVEHEP_A_2.0],-0.012,0.048,-0.124,0.083,0.001,0.001,1985.0,953.0,1.0
beta[LIVEHEP_A_7.0],-0.01,0.094,-0.146,0.16,0.003,0.003,1708.0,1086.0,1.0
beta[LIVEHEP_A_8.0],-0.008,0.073,-0.151,0.139,0.002,0.002,1763.0,775.0,1.0
beta[LIVEHEP_A_9.0],0.002,0.073,-0.158,0.154,0.002,0.002,1441.0,895.0,1.0
beta[SHTHEPB1_A_2.0],-0.031,0.045,-0.13,0.036,0.001,0.001,1478.0,770.0,1.0
beta[SHTHEPB1_A_7.0],0.006,0.068,-0.144,0.132,0.002,0.002,1312.0,786.0,1.0
beta[SHTHEPB1_A_8.0],-0.003,0.073,-0.146,0.148,0.002,0.002,1549.0,815.0,1.0
beta[SHTHEPB1_A_9.0],-0.072,0.089,-0.259,0.054,0.002,0.002,1156.0,905.0,1.0
beta[SHTSHINGL1_A_2.0],-0.019,0.046,-0.125,0.076,0.001,0.001,1628.0,640.0,1.0
beta[SHTSHINGL1_A_7.0],-0.0,0.074,-0.162,0.135,0.003,0.002,1461.0,774.0,1.0
beta[SHTSHINGL1_A_8.0],0.007,0.072,-0.145,0.146,0.003,0.002,1074.0,537.0,1.0
beta[SHTSHINGL1_A_9.0],-0.005,0.064,-0.146,0.114,0.002,0.002,1750.0,664.0,1.0
beta[SHTPNUEV_A_2.0],-0.031,0.048,-0.151,0.036,0.001,0.001,1544.0,856.0,1.0
beta[SHTPNUEV_A_7.0],-0.003,0.068,-0.132,0.164,0.002,0.002,1524.0,699.0,1.0
beta[SHTPNUEV_A_8.0],-0.003,0.071,-0.157,0.135,0.002,0.002,1365.0,727.0,1.0
beta[SHTPNUEV_A_9.0],-0.029,0.074,-0.191,0.101,0.002,0.002,1600.0,836.0,1.0
beta[SHOTTYPE2_A_2.0],-0.009,0.034,-0.082,0.059,0.001,0.001,1560.0,856.0,1.0
beta[SHOTTYPE2_A_3.0],0.045,0.07,-0.047,0.223,0.002,0.001,1607.0,954.0,1.0
beta[SHOTTYPE2_A_4.0],0.004,0.072,-0.132,0.169,0.002,0.002,1483.0,798.0,1.0
beta[SHOTTYPE2_A_5.0],0.002,0.061,-0.121,0.137,0.002,0.002,1273.0,688.0,1.0
beta[SHOTTYPE2_A_6.0],-0.006,0.07,-0.173,0.105,0.002,0.002,1668.0,916.0,1.0
beta[SHOTTYPE2_A_7.0],-0.001,0.074,-0.128,0.163,0.003,0.002,1329.0,845.0,1.0
beta[SHOTTYPE2_A_8.0],0.0,0.074,-0.152,0.144,0.002,0.002,1581.0,718.0,1.0
beta[SHOTTYPE2_A_9.0],0.003,0.059,-0.128,0.118,0.002,0.002,2047.0,825.0,1.0
beta[CVDVAC1Y1_A_2021.0],0.005,0.038,-0.076,0.082,0.001,0.001,1793.0,999.0,1.0
beta[CVDVAC1Y1_A_2022.0],0.001,0.034,-0.062,0.081,0.001,0.001,1772.0,989.0,1.0
beta[CVDVAC1Y1_A_2023.0],-0.013,0.05,-0.114,0.097,0.001,0.001,1496.0,927.0,1.01
beta[CVDVAC1Y1_A_9997.0],0.003,0.07,-0.144,0.141,0.002,0.002,1541.0,846.0,1.0
beta[CVDVAC1Y1_A_9998.0],0.001,0.08,-0.15,0.183,0.003,0.002,1441.0,684.0,1.0
beta[CVDVAC1Y1_A_9999.0],-0.0,0.061,-0.119,0.137,0.002,0.001,1593.0,917.0,1.01
beta[SHTCVD19NM1_A_2.0],0.064,0.062,-0.022,0.201,0.002,0.001,929.0,943.0,1.0
beta[SHTCVD19NM1_A_3.0],0.002,0.037,-0.082,0.081,0.001,0.001,1377.0,924.0,1.0
beta[SHTCVD19NM1_A_4.0],-0.013,0.043,-0.1,0.085,0.001,0.001,1302.0,724.0,1.0
beta[SHTCVD19NM1_A_5.0],-0.188,0.162,-0.492,0.036,0.005,0.004,842.0,799.0,1.0
beta[SHTCVD19NM1_A_6.0],-0.031,0.087,-0.224,0.092,0.003,0.002,1500.0,856.0,1.0
beta[SHTCVD19NM1_A_7.0],0.008,0.074,-0.115,0.174,0.002,0.002,1360.0,759.0,1.0
beta[SHTCVD19NM1_A_8.0],-0.001,0.07,-0.129,0.147,0.002,0.002,1570.0,916.0,1.0
beta[SHTCVD19NM1_A_9.0],-0.016,0.083,-0.187,0.13,0.003,0.003,1581.0,536.0,1.0
beta[SHTCVD191_A_2.0],0.016,0.045,-0.06,0.126,0.001,0.001,1436.0,912.0,1.0
beta[SHTCVD191_A_7.0],-0.002,0.07,-0.155,0.149,0.002,0.002,1730.0,847.0,1.0
beta[SHTCVD191_A_8.0],-0.001,0.067,-0.125,0.145,0.002,0.002,1429.0,825.0,1.0
beta[SHTCVD191_A_9.0],-0.005,0.101,-0.196,0.149,0.005,0.003,1036.0,581.0,1.0
beta[SHTFLUY_A_2023.0],-0.02,0.051,-0.147,0.057,0.001,0.001,1549.0,904.0,1.0
beta[SHTFLUY_A_9997.0],0.004,0.082,-0.183,0.16,0.003,0.002,1337.0,559.0,1.0
beta[SHTFLUY_A_9999.0],-0.005,0.068,-0.132,0.142,0.002,0.002,1433.0,784.0,1.0
beta[SHTFLUM_A_2.0],-0.016,0.074,-0.163,0.138,0.002,0.002,1485.0,797.0,1.0
beta[SHTFLUM_A_3.0],-0.004,0.074,-0.165,0.142,0.003,0.002,1510.0,774.0,1.0
beta[SHTFLUM_A_4.0],0.004,0.071,-0.141,0.146,0.002,0.002,1861.0,868.0,1.0
beta[SHTFLUM_A_5.0],-0.004,0.065,-0.125,0.142,0.002,0.002,1359.0,668.0,1.0
beta[SHTFLUM_A_6.0],-0.011,0.076,-0.173,0.145,0.003,0.002,1419.0,817.0,1.0
beta[SHTFLUM_A_7.0],-0.01,0.07,-0.167,0.126,0.002,0.002,1254.0,795.0,1.0
beta[SHTFLUM_A_8.0],0.022,0.071,-0.115,0.183,0.002,0.002,1410.0,783.0,1.0
beta[SHTFLUM_A_9.0],-0.018,0.047,-0.131,0.06,0.001,0.001,1531.0,955.0,1.0
beta[SHTFLUM_A_10.0],0.007,0.038,-0.062,0.096,0.001,0.001,1911.0,918.0,1.0
beta[SHTFLUM_A_11.0],0.024,0.052,-0.062,0.149,0.001,0.001,1873.0,876.0,1.0
beta[SHTFLUM_A_12.0],0.0,0.051,-0.104,0.111,0.001,0.001,1884.0,951.0,1.0
beta[SHTFLUM_A_97.0],-0.0,0.078,-0.174,0.127,0.003,0.002,1503.0,701.0,1.0
beta[SHTFLUM_A_99.0],-0.068,0.114,-0.323,0.066,0.003,0.003,1608.0,925.0,1.0
beta[SHTFLU12M_A_2.0],0.103,0.071,-0.016,0.232,0.003,0.002,680.0,612.0,1.0
beta[SHTFLU12M_A_7.0],-0.006,0.069,-0.146,0.14,0.002,0.002,1214.0,793.0,1.0
beta[SHTFLU12M_A_8.0],0.003,0.058,-0.132,0.107,0.002,0.001,1709.0,926.0,1.0
beta[SHTFLU12M_A_9.0],0.002,0.071,-0.16,0.155,0.002,0.002,1193.0,740.0,1.0
beta[FHCANEV_A_2.0],-0.019,0.035,-0.098,0.045,0.001,0.001,1395.0,595.0,1.0
beta[FHCANEV_A_7.0],-0.003,0.064,-0.133,0.15,0.002,0.002,1073.0,798.0,1.0
beta[FHCANEV_A_8.0],-0.002,0.071,-0.153,0.132,0.002,0.002,1695.0,862.0,1.01
beta[FHCANEV_A_9.0],0.011,0.063,-0.09,0.173,0.002,0.002,1736.0,761.0,1.0
beta[GTGRISK_A_2.0],-0.02,0.051,-0.126,0.077,0.001,0.001,1670.0,1092.0,1.0
beta[GTGRISK_A_7.0],-0.001,0.073,-0.163,0.155,0.002,0.002,1884.0,720.0,1.0
beta[GTGRISK_A_8.0],0.003,0.07,-0.122,0.151,0.002,0.002,1154.0,771.0,1.0
beta[GTGRISK_A_9.0],0.004,0.061,-0.13,0.134,0.002,0.002,1423.0,685.0,1.0
beta[GTPOSS1_A_2.0],-0.04,0.057,-0.175,0.038,0.001,0.001,1391.0,601.0,1.0
beta[GTPOSS1_A_7.0],0.001,0.073,-0.122,0.149,0.002,0.002,1429.0,830.0,1.0
beta[GTPOSS1_A_8.0],0.008,0.072,-0.126,0.164,0.002,0.002,1353.0,864.0,1.0
beta[GTPOSS1_A_9.0],-0.001,0.077,-0.155,0.139,0.003,0.002,1400.0,716.0,1.0
beta[MRIHAD_A_2.0],-0.016,0.051,-0.145,0.065,0.002,0.001,1260.0,828.0,1.0
beta[MRIHAD_A_7.0],-0.003,0.073,-0.158,0.14,0.002,0.002,1450.0,614.0,1.0
beta[MRIHAD_A_8.0],0.005,0.071,-0.138,0.138,0.002,0.002,1442.0,799.0,1.0
beta[MRIHAD_A_9.0],-0.026,0.104,-0.206,0.135,0.003,0.002,1729.0,593.0,1.0
beta[MAMEV_A_2.0],0.069,0.076,-0.03,0.24,0.002,0.002,1345.0,854.0,1.0
beta[MAMEV_A_7.0],-0.001,0.066,-0.137,0.156,0.002,0.002,1319.0,672.0,1.0
beta[MAMEV_A_8.0],0.011,0.066,-0.131,0.142,0.002,0.002,1334.0,897.0,1.0
beta[MAMEV_A_9.0],0.011,0.09,-0.172,0.223,0.003,0.003,1115.0,738.0,1.0
beta[HYSTEV2_A_2.0],-0.199,0.102,-0.378,0.008,0.003,0.002,892.0,576.0,1.0
beta[HYSTEV2_A_7.0],-0.004,0.075,-0.155,0.146,0.002,0.002,1669.0,775.0,1.0
beta[HYSTEV2_A_8.0],0.004,0.067,-0.143,0.138,0.002,0.002,1447.0,828.0,1.0
beta[HYSTEV2_A_9.0],0.002,0.065,-0.13,0.132,0.002,0.002,1164.0,818.0,1.0
beta[CERVICEV1_A_2.0],-0.038,0.058,-0.152,0.064,0.002,0.001,1156.0,815.0,1.0
beta[CERVICEV1_A_7.0],-0.002,0.075,-0.154,0.173,0.002,0.002,1446.0,776.0,1.0
beta[CERVICEV1_A_8.0],0.004,0.074,-0.15,0.146,0.003,0.002,1173.0,788.0,1.0
beta[CERVICEV1_A_9.0],-0.004,0.074,-0.18,0.125,0.002,0.002,1533.0,946.0,1.0
beta[COLOGUARD1_A_2.0],0.007,0.04,-0.083,0.089,0.001,0.001,1511.0,891.0,1.0
beta[COLOGUARD1_A_7.0],-0.003,0.072,-0.16,0.132,0.002,0.002,1514.0,792.0,1.01
beta[COLOGUARD1_A_8.0],0.018,0.082,-0.129,0.176,0.003,0.002,1419.0,729.0,1.0
beta[COLOGUARD1_A_9.0],-0.025,0.098,-0.233,0.123,0.003,0.003,2073.0,768.0,1.0
beta[FITHEV1_A_2.0],-0.023,0.045,-0.15,0.036,0.001,0.001,1444.0,744.0,1.01
beta[FITHEV1_A_7.0],0.001,0.075,-0.149,0.144,0.003,0.002,1365.0,749.0,1.0
beta[FITHEV1_A_8.0],0.019,0.082,-0.14,0.195,0.003,0.002,1378.0,691.0,1.0
beta[FITHEV1_A_9.0],0.001,0.064,-0.145,0.135,0.002,0.002,1258.0,701.0,1.0
beta[CTCOLEV1_A_2.0],-0.003,0.053,-0.127,0.099,0.001,0.001,1620.0,951.0,1.0
beta[CTCOLEV1_A_7.0],-0.001,0.075,-0.166,0.133,0.002,0.002,1541.0,852.0,1.0
beta[CTCOLEV1_A_8.0],0.025,0.092,-0.116,0.259,0.003,0.002,1382.0,823.0,1.0
beta[CTCOLEV1_A_9.0],-0.022,0.091,-0.186,0.127,0.003,0.002,1753.0,709.0,1.0
beta[COLORECTEV_A_2.0],0.022,0.043,-0.053,0.116,0.001,0.001,1357.0,765.0,1.0
beta[COLORECTEV_A_7.0],-0.002,0.076,-0.162,0.14,0.003,0.002,1259.0,777.0,1.0
beta[COLORECTEV_A_8.0],0.012,0.072,-0.119,0.17,0.002,0.002,1672.0,785.0,1.0
beta[COLORECTEV_A_9.0],-0.009,0.08,-0.169,0.139,0.003,0.002,1139.0,577.0,1.01
beta[DIBLAST1_A_1.0],0.014,0.044,-0.063,0.117,0.001,0.001,1613.0,818.0,1.0
beta[DIBLAST1_A_2.0],0.03,0.059,-0.078,0.154,0.002,0.001,1630.0,842.0,1.0
beta[DIBLAST1_A_3.0],0.004,0.056,-0.123,0.115,0.002,0.001,1512.0,880.0,1.0
beta[DIBLAST1_A_4.0],-0.015,0.062,-0.182,0.089,0.002,0.002,1575.0,853.0,1.0
beta[DIBLAST1_A_5.0],0.006,0.06,-0.111,0.131,0.002,0.001,1242.0,777.0,1.0
beta[DIBLAST1_A_6.0],0.008,0.062,-0.127,0.148,0.002,0.001,1258.0,949.0,1.0
beta[DIBLAST1_A_7.0],-0.005,0.068,-0.129,0.134,0.002,0.002,1919.0,994.0,1.0
beta[DIBLAST1_A_8.0],-0.005,0.067,-0.156,0.135,0.002,0.002,1742.0,922.0,1.0
beta[DIBLAST1_A_9.0],0.007,0.06,-0.118,0.136,0.002,0.002,1354.0,666.0,1.0
beta[CHOLLAST_A_1.0],0.028,0.052,-0.06,0.151,0.001,0.001,1885.0,1075.0,1.0
beta[CHOLLAST_A_2.0],-0.007,0.048,-0.107,0.098,0.001,0.001,1789.0,955.0,1.0
beta[CHOLLAST_A_3.0],-0.014,0.06,-0.14,0.106,0.002,0.002,1546.0,781.0,1.01
beta[CHOLLAST_A_4.0],-0.016,0.062,-0.164,0.109,0.002,0.001,1710.0,834.0,1.0
beta[CHOLLAST_A_5.0],0.008,0.064,-0.096,0.162,0.002,0.001,1695.0,725.0,1.0
beta[CHOLLAST_A_6.0],-0.0,0.062,-0.12,0.145,0.002,0.001,1595.0,794.0,1.0
beta[CHOLLAST_A_7.0],-0.006,0.067,-0.14,0.151,0.002,0.002,1262.0,854.0,1.0
beta[CHOLLAST_A_8.0],0.0,0.064,-0.127,0.137,0.002,0.002,1503.0,848.0,1.0
beta[CHOLLAST_A_9.0],-0.007,0.051,-0.117,0.099,0.001,0.001,1545.0,967.0,1.0
beta[BPLAST_A_1.0],0.004,0.048,-0.091,0.115,0.002,0.001,1447.0,753.0,1.0
beta[BPLAST_A_2.0],0.019,0.056,-0.085,0.145,0.002,0.002,1770.0,809.0,1.0
beta[BPLAST_A_3.0],-0.004,0.064,-0.151,0.133,0.002,0.001,1273.0,759.0,1.0
beta[BPLAST_A_4.0],0.008,0.063,-0.129,0.139,0.002,0.002,1522.0,814.0,1.01
beta[BPLAST_A_5.0],0.001,0.066,-0.146,0.124,0.002,0.002,1632.0,764.0,1.0
beta[BPLAST_A_6.0],-0.006,0.074,-0.176,0.142,0.002,0.002,1684.0,885.0,1.0
beta[BPLAST_A_7.0],-0.002,0.071,-0.151,0.148,0.002,0.002,2075.0,878.0,1.0
beta[BPLAST_A_8.0],-0.003,0.065,-0.149,0.127,0.002,0.002,1489.0,718.0,1.0
beta[BPLAST_A_9.0],-0.013,0.093,-0.17,0.137,0.003,0.002,1453.0,918.0,1.0
beta[RXDG12M_A_2.0],-0.001,0.044,-0.086,0.096,0.001,0.001,1741.0,976.0,1.0
beta[RXDG12M_A_7.0],-0.0,0.081,-0.169,0.133,0.003,0.002,1408.0,813.0,1.0
beta[RXDG12M_A_8.0],-0.005,0.069,-0.16,0.137,0.002,0.002,1450.0,826.0,1.01
beta[RXDG12M_A_9.0],0.001,0.068,-0.165,0.112,0.002,0.002,1355.0,723.0,1.01
beta[RXDL12M_A_2.0],-0.029,0.059,-0.179,0.06,0.002,0.001,1124.0,958.0,1.0
beta[RXDL12M_A_8.0],0.003,0.075,-0.168,0.146,0.003,0.002,1317.0,732.0,1.0
beta[RXDL12M_A_9.0],0.003,0.081,-0.146,0.19,0.003,0.002,1160.0,736.0,1.0
beta[RXLS12M_A_2.0],-0.026,0.061,-0.162,0.087,0.002,0.001,1297.0,751.0,1.0
beta[RXLS12M_A_8.0],0.004,0.075,-0.158,0.154,0.003,0.002,1093.0,690.0,1.0
beta[RXLS12M_A_9.0],0.001,0.076,-0.138,0.185,0.003,0.002,1224.0,696.0,1.0
beta[RXSK12M_A_2.0],-0.04,0.076,-0.238,0.054,0.002,0.002,1178.0,798.0,1.0
beta[RXSK12M_A_7.0],0.006,0.083,-0.134,0.201,0.003,0.002,1297.0,811.0,1.0
beta[RXSK12M_A_8.0],-0.001,0.079,-0.16,0.159,0.003,0.002,1244.0,700.0,1.0
beta[RXSK12M_A_9.0],0.001,0.072,-0.162,0.144,0.002,0.002,1320.0,750.0,1.0
beta[RX12M_A_2.0],-0.001,0.038,-0.071,0.09,0.001,0.001,1331.0,895.0,1.0
beta[RX12M_A_7.0],-0.006,0.075,-0.194,0.142,0.002,0.002,1382.0,669.0,1.0
beta[RX12M_A_8.0],-0.007,0.074,-0.165,0.136,0.002,0.002,1235.0,797.0,1.0
beta[RX12M_A_9.0],-0.002,0.068,-0.162,0.13,0.002,0.002,1154.0,770.0,1.0
beta[HITTEST_A_2.0],-0.012,0.036,-0.091,0.059,0.001,0.001,1608.0,963.0,1.0
beta[HITTEST_A_7.0],-0.005,0.073,-0.173,0.13,0.002,0.002,1690.0,788.0,1.0
beta[HITTEST_A_8.0],-0.007,0.084,-0.159,0.16,0.003,0.002,1111.0,680.0,1.0
beta[HITTEST_A_9.0],-0.005,0.073,-0.146,0.152,0.002,0.002,1264.0,596.0,1.0
beta[HITCOMM_A_2.0],0.015,0.037,-0.055,0.098,0.001,0.001,1465.0,1004.0,1.0
beta[HITCOMM_A_7.0],-0.003,0.069,-0.146,0.148,0.002,0.002,1741.0,746.0,1.0
beta[HITCOMM_A_8.0],-0.003,0.077,-0.157,0.149,0.002,0.002,1383.0,788.0,1.0
beta[HITCOMM_A_9.0],-0.009,0.071,-0.178,0.133,0.002,0.002,1649.0,787.0,1.01
beta[HITLOOK_A_2.0],-0.011,0.035,-0.085,0.057,0.001,0.001,1513.0,987.0,1.0
beta[HITLOOK_A_7.0],0.002,0.07,-0.143,0.141,0.002,0.002,1795.0,785.0,1.0
beta[HITLOOK_A_8.0],-0.004,0.076,-0.155,0.168,0.003,0.002,1487.0,779.0,1.0
beta[HITLOOK_A_9.0],-0.007,0.079,-0.164,0.162,0.002,0.002,1582.0,737.0,1.0
beta[ACCSSHOM_A_2.0],0.01,0.058,-0.119,0.147,0.002,0.001,1763.0,805.0,1.0
beta[ACCSSINT_A_2.0],-0.059,0.091,-0.262,0.075,0.002,0.002,1562.0,821.0,1.0
beta[ACCSSINT_A_7.0],-0.008,0.078,-0.154,0.136,0.002,0.002,1731.0,828.0,1.0
beta[ACCSSINT_A_8.0],-0.005,0.073,-0.144,0.154,0.002,0.002,1310.0,723.0,1.0
beta[ACCSSINT_A_9.0],0.003,0.074,-0.181,0.146,0.002,0.002,1511.0,754.0,1.0
beta[VIRAPP12M_A_2.0],-0.01,0.037,-0.095,0.06,0.001,0.001,1700.0,916.0,1.0
beta[VIRAPP12M_A_7.0],-0.001,0.078,-0.164,0.155,0.002,0.002,1605.0,825.0,1.0
beta[VIRAPP12M_A_8.0],-0.002,0.07,-0.156,0.129,0.002,0.001,2141.0,1045.0,1.0
beta[VIRAPP12M_A_9.0],0.008,0.072,-0.148,0.16,0.002,0.002,1829.0,441.0,1.0
beta[MEDNG12M_A_2.0],-0.09,0.105,-0.304,0.067,0.003,0.002,882.0,667.0,1.0
beta[MEDNG12M_A_7.0],-0.0,0.07,-0.148,0.123,0.002,0.002,1312.0,744.0,1.0
beta[MEDNG12M_A_8.0],-0.009,0.071,-0.178,0.119,0.002,0.002,1507.0,709.0,1.0
beta[MEDNG12M_A_9.0],-0.001,0.074,-0.124,0.156,0.003,0.002,1057.0,593.0,1.0
beta[MEDDL12M_A_2.0],-0.142,0.12,-0.361,0.038,0.004,0.003,834.0,656.0,1.0
beta[MEDDL12M_A_7.0],0.002,0.075,-0.125,0.182,0.003,0.002,1240.0,728.0,1.0
beta[MEDDL12M_A_8.0],-0.006,0.076,-0.159,0.14,0.002,0.002,1638.0,865.0,1.0
beta[MEDDL12M_A_9.0],0.003,0.08,-0.16,0.153,0.002,0.002,1718.0,919.0,1.0
beta[HOSPONGT_A_2.0],0.005,0.044,-0.087,0.103,0.001,0.001,1388.0,723.0,1.0
beta[HOSPONGT_A_7.0],-0.0,0.077,-0.143,0.171,0.002,0.002,2285.0,964.0,1.0
beta[HOSPONGT_A_8.0],-0.008,0.078,-0.134,0.17,0.003,0.002,1203.0,645.0,1.0
beta[HOSPONGT_A_9.0],-0.004,0.081,-0.147,0.153,0.003,0.002,1380.0,616.0,1.0
beta[USPLKIND_A_2.0],0.019,0.049,-0.069,0.138,0.001,0.001,1552.0,859.0,1.0
beta[USPLKIND_A_3.0],-0.009,0.063,-0.155,0.118,0.002,0.002,1498.0,917.0,1.0
beta[USPLKIND_A_4.0],0.008,0.066,-0.124,0.153,0.002,0.002,2290.0,807.0,1.0
beta[USPLKIND_A_5.0],0.019,0.089,-0.144,0.195,0.003,0.002,1106.0,610.0,1.0
beta[USPLKIND_A_6.0],-0.005,0.067,-0.147,0.138,0.002,0.002,1677.0,919.0,1.0
beta[USPLKIND_A_7.0],-0.002,0.068,-0.151,0.125,0.002,0.002,1913.0,714.0,1.0
beta[USPLKIND_A_8.0],-0.001,0.074,-0.136,0.132,0.002,0.002,1348.0,751.0,1.0
beta[USPLKIND_A_9.0],0.004,0.079,-0.129,0.21,0.003,0.002,1449.0,723.0,1.0
beta[USUALPL_A_2.0],0.011,0.049,-0.087,0.113,0.001,0.001,1333.0,852.0,1.0
beta[USUALPL_A_3.0],0.03,0.065,-0.076,0.179,0.002,0.001,1651.0,752.0,1.0
beta[USUALPL_A_7.0],-0.002,0.078,-0.156,0.164,0.003,0.002,1432.0,710.0,1.0
beta[USUALPL_A_8.0],-0.002,0.075,-0.137,0.165,0.003,0.002,1194.0,716.0,1.0
beta[USUALPL_A_9.0],-0.003,0.072,-0.144,0.166,0.002,0.002,1855.0,798.0,1.0
beta[WELLNESS_A_2.0],0.004,0.033,-0.056,0.084,0.001,0.001,1431.0,1061.0,1.0
beta[WELLNESS_A_7.0],-0.003,0.074,-0.165,0.159,0.002,0.002,1724.0,679.0,1.0
beta[WELLNESS_A_8.0],0.001,0.082,-0.159,0.172,0.003,0.003,1357.0,600.0,1.0
beta[WELLNESS_A_9.0],-0.007,0.077,-0.151,0.143,0.003,0.002,1379.0,797.0,1.0
beta[LASTDR_A_1.0],-0.009,0.047,-0.141,0.07,0.001,0.001,1317.0,876.0,1.0
beta[LASTDR_A_2.0],-0.003,0.049,-0.095,0.102,0.001,0.001,2142.0,701.0,1.0
beta[LASTDR_A_3.0],0.0,0.057,-0.117,0.135,0.002,0.001,2061.0,828.0,1.0
beta[LASTDR_A_4.0],0.014,0.062,-0.093,0.152,0.001,0.001,2010.0,1037.0,1.0
beta[LASTDR_A_5.0],0.006,0.069,-0.117,0.191,0.002,0.002,1447.0,516.0,1.0
beta[LASTDR_A_6.0],0.006,0.065,-0.128,0.149,0.002,0.002,2177.0,824.0,1.0
beta[LASTDR_A_7.0],-0.003,0.067,-0.13,0.151,0.002,0.001,1643.0,917.0,1.0
beta[LASTDR_A_8.0],-0.003,0.066,-0.157,0.121,0.002,0.002,1298.0,835.0,1.0
beta[LASTDR_A_9.0],-0.005,0.076,-0.184,0.138,0.002,0.002,2198.0,931.0,1.0
beta[DENNG12M_A_2.0],-0.101,0.097,-0.294,0.05,0.003,0.002,900.0,926.0,1.0
beta[DENNG12M_A_7.0],-0.004,0.08,-0.154,0.151,0.003,0.002,1602.0,753.0,1.0
beta[DENNG12M_A_8.0],0.001,0.069,-0.168,0.142,0.002,0.002,1527.0,891.0,1.0
beta[DENNG12M_A_9.0],-0.004,0.071,-0.14,0.129,0.002,0.002,1451.0,863.0,1.0
beta[DENDL12M_A_2.0],-0.148,0.1,-0.316,0.027,0.004,0.002,769.0,724.0,1.01
beta[DENDL12M_A_7.0],0.002,0.073,-0.135,0.166,0.002,0.002,1362.0,779.0,1.0
beta[DENDL12M_A_8.0],-0.007,0.07,-0.163,0.127,0.002,0.002,1549.0,667.0,1.0
beta[DENDL12M_A_9.0],0.001,0.076,-0.133,0.191,0.002,0.002,1448.0,727.0,1.0
beta[DENPREV_A_1.0],-0.007,0.035,-0.089,0.063,0.001,0.001,1591.0,849.0,1.0
beta[DENPREV_A_2.0],0.035,0.056,-0.044,0.165,0.002,0.001,1226.0,953.0,1.0
beta[DENPREV_A_3.0],0.016,0.051,-0.073,0.139,0.001,0.001,1361.0,823.0,1.0
beta[DENPREV_A_4.0],-0.0,0.043,-0.098,0.088,0.001,0.001,1888.0,883.0,1.0
beta[DENPREV_A_5.0],-0.033,0.067,-0.196,0.068,0.002,0.001,1593.0,880.0,1.0
beta[DENPREV_A_6.0],-0.01,0.052,-0.122,0.103,0.001,0.001,1569.0,659.0,1.0
beta[DENPREV_A_7.0],-0.007,0.069,-0.162,0.128,0.002,0.002,1317.0,787.0,1.0
beta[DENPREV_A_8.0],0.003,0.065,-0.122,0.156,0.002,0.001,1814.0,687.0,1.0
beta[DENPREV_A_9.0],-0.007,0.063,-0.149,0.122,0.002,0.002,1368.0,656.0,1.0
beta[PAYWORRY_A_2.0],-0.002,0.039,-0.091,0.074,0.001,0.001,1753.0,1021.0,1.0
beta[PAYWORRY_A_3.0],-0.15,0.074,-0.274,-0.005,0.003,0.002,675.0,502.0,1.0
beta[PAYWORRY_A_7.0],0.001,0.075,-0.137,0.154,0.002,0.002,1694.0,883.0,1.0
beta[PAYWORRY_A_9.0],-0.007,0.074,-0.137,0.142,0.002,0.002,1413.0,754.0,1.0
beta[PAYBLL12M_A_2.0],-0.045,0.06,-0.173,0.054,0.002,0.001,1374.0,958.0,1.0
beta[PAYBLL12M_A_7.0],0.004,0.07,-0.128,0.14,0.002,0.002,1604.0,769.0,1.0
beta[PAYBLL12M_A_8.0],0.005,0.067,-0.12,0.163,0.002,0.002,1604.0,685.0,1.0
beta[PAYBLL12M_A_9.0],-0.006,0.071,-0.143,0.148,0.002,0.002,1511.0,957.0,1.0
beta[HINOTYR_A_2.0],0.003,0.046,-0.104,0.095,0.001,0.001,1760.0,756.0,1.01
beta[HINOTYR_A_7.0],-0.003,0.07,-0.157,0.139,0.002,0.002,1518.0,716.0,1.0
beta[HINOTYR_A_9.0],-0.006,0.077,-0.17,0.144,0.002,0.002,1464.0,661.0,1.0
beta[PRVSCOV1_A_2.0],0.012,0.037,-0.062,0.1,0.001,0.001,1357.0,857.0,1.01
beta[PRVSCOV1_A_7.0],-0.001,0.072,-0.168,0.14,0.002,0.002,1341.0,723.0,1.0
beta[PRVSCOV1_A_8.0],0.016,0.071,-0.108,0.174,0.002,0.002,1723.0,878.0,1.0
beta[PRVSCOV1_A_9.0],-0.024,0.069,-0.191,0.084,0.002,0.002,1336.0,821.0,1.0
beta[PRDNCOV1_A_2.0],0.011,0.036,-0.054,0.094,0.001,0.001,1413.0,933.0,1.0
beta[PRDNCOV1_A_7.0],-0.007,0.074,-0.187,0.138,0.002,0.002,1670.0,919.0,1.0
beta[PRDNCOV1_A_8.0],0.017,0.07,-0.109,0.156,0.003,0.002,1076.0,591.0,1.0
beta[PRDNCOV1_A_9.0],-0.005,0.063,-0.129,0.123,0.002,0.001,1230.0,676.0,1.0
beta[PRRXCOV1_A_2.0],0.019,0.053,-0.086,0.136,0.001,0.001,1497.0,887.0,1.0
beta[PRRXCOV1_A_7.0],-0.007,0.081,-0.149,0.141,0.002,0.002,1770.0,817.0,1.0
beta[PRRXCOV1_A_8.0],0.017,0.073,-0.118,0.184,0.002,0.002,1155.0,801.0,1.0
beta[PRRXCOV1_A_9.0],-0.032,0.088,-0.22,0.094,0.003,0.002,1302.0,826.0,1.0
beta[PRHDHP1_A_2.0],0.001,0.036,-0.082,0.077,0.001,0.001,1770.0,799.0,1.0
beta[PRHDHP1_A_7.0],-0.001,0.091,-0.186,0.148,0.004,0.003,985.0,557.0,1.0
beta[PRHDHP1_A_9.0],-0.024,0.059,-0.178,0.064,0.002,0.001,1676.0,795.0,1.0
beta[PRDEDUC1_A_2.0],0.001,0.041,-0.084,0.092,0.001,0.001,1566.0,790.0,1.0
beta[PRDEDUC1_A_7.0],-0.005,0.086,-0.192,0.158,0.003,0.002,1326.0,687.0,1.0
beta[PRDEDUC1_A_8.0],-0.001,0.078,-0.135,0.142,0.002,0.002,1582.0,869.0,1.0
beta[PRDEDUC1_A_9.0],-0.014,0.056,-0.145,0.079,0.002,0.001,1417.0,804.0,1.0
beta[PLN1PAY6_A_2.0],0.001,0.062,-0.135,0.129,0.002,0.002,1432.0,882.0,1.0
beta[PLN1PAY6_A_7.0],0.002,0.069,-0.148,0.13,0.002,0.002,1121.0,766.0,1.0
beta[PLN1PAY6_A_8.0],0.013,0.074,-0.155,0.152,0.002,0.002,1500.0,814.0,1.0
beta[PLN1PAY6_A_9.0],-0.013,0.065,-0.18,0.111,0.002,0.002,1417.0,676.0,1.0
beta[PLN1PAY5_A_2.0],-0.007,0.058,-0.115,0.116,0.002,0.002,1680.0,974.0,1.0
beta[PLN1PAY5_A_7.0],0.003,0.073,-0.163,0.133,0.002,0.002,1386.0,722.0,1.0
beta[PLN1PAY5_A_8.0],0.013,0.069,-0.128,0.159,0.002,0.002,1658.0,689.0,1.0
beta[PLN1PAY5_A_9.0],-0.016,0.075,-0.198,0.105,0.002,0.002,1524.0,821.0,1.0
beta[PLN1PAY4_A_2.0],-0.022,0.066,-0.194,0.078,0.002,0.002,1114.0,832.0,1.0
beta[PLN1PAY4_A_7.0],0.002,0.073,-0.135,0.153,0.002,0.002,1307.0,826.0,1.0
beta[PLN1PAY4_A_8.0],0.018,0.076,-0.117,0.2,0.002,0.002,1633.0,879.0,1.0
beta[PLN1PAY4_A_9.0],-0.017,0.073,-0.173,0.125,0.002,0.002,1614.0,792.0,1.0
beta[PLN1PAY3_A_2.0],-0.019,0.07,-0.208,0.101,0.002,0.002,1060.0,823.0,1.01
beta[PLN1PAY3_A_7.0],0.005,0.073,-0.117,0.18,0.002,0.002,1341.0,831.0,1.0
beta[PLN1PAY3_A_8.0],0.015,0.07,-0.104,0.169,0.002,0.002,1534.0,756.0,1.0
beta[PLN1PAY3_A_9.0],-0.014,0.088,-0.191,0.156,0.003,0.002,1411.0,748.0,1.0
beta[PLN1PAY2_A_2.0],0.037,0.054,-0.042,0.159,0.001,0.001,1310.0,872.0,1.0
beta[PLN1PAY2_A_7.0],0.002,0.071,-0.136,0.162,0.002,0.002,1422.0,629.0,1.0
beta[PLN1PAY2_A_8.0],0.013,0.07,-0.134,0.154,0.002,0.002,1515.0,714.0,1.0
beta[PLN1PAY2_A_9.0],-0.012,0.074,-0.177,0.123,0.002,0.002,1853.0,871.0,1.0
beta[PLN1PAY1_A_2.0],0.011,0.051,-0.085,0.124,0.001,0.001,1791.0,877.0,1.0
beta[PLN1PAY1_A_7.0],0.002,0.08,-0.127,0.164,0.003,0.002,1344.0,596.0,1.0
beta[PLN1PAY1_A_8.0],0.015,0.066,-0.128,0.154,0.002,0.002,1315.0,797.0,1.0
beta[PLN1PAY1_A_9.0],-0.013,0.069,-0.18,0.132,0.002,0.002,1893.0,851.0,1.0
beta[PRPLCOV1_A_2.0],0.031,0.052,-0.053,0.144,0.001,0.001,1836.0,927.0,1.0
beta[PRPLCOV1_A_7.0],-0.003,0.076,-0.143,0.163,0.002,0.002,1394.0,979.0,1.0
beta[PRPLCOV1_A_8.0],0.004,0.078,-0.14,0.175,0.003,0.002,1250.0,881.0,1.0
beta[POLHLD1_A_2.0],-0.004,0.045,-0.106,0.086,0.001,0.001,1639.0,952.0,1.0
beta[POLHLD1_A_7.0],0.002,0.079,-0.156,0.165,0.003,0.002,1479.0,517.0,1.0
beta[POLHLD1_A_8.0],0.018,0.075,-0.111,0.19,0.002,0.002,1775.0,856.0,1.0
beta[POLHLD1_A_9.0],0.003,0.075,-0.155,0.143,0.002,0.002,1807.0,940.0,1.0
beta[SINCOVRX_A_2.0],-0.027,0.048,-0.142,0.053,0.001,0.001,1317.0,993.0,1.0
beta[SINCOVRX_A_7.0],0.001,0.075,-0.142,0.163,0.002,0.002,1300.0,668.0,1.0
beta[SINCOVRX_A_9.0],-0.004,0.066,-0.166,0.119,0.002,0.002,1619.0,888.0,1.0
beta[SINCOVVS_A_2.0],-0.005,0.035,-0.072,0.075,0.001,0.001,1900.0,912.0,1.0
beta[SINCOVVS_A_7.0],-0.002,0.085,-0.133,0.137,0.002,0.002,1731.0,923.0,1.0
beta[SINCOVVS_A_9.0],-0.021,0.084,-0.23,0.111,0.003,0.002,1070.0,635.0,1.0
beta[SINCOVDE_A_2.0],0.015,0.034,-0.041,0.101,0.001,0.001,1633.0,1037.0,1.0
beta[SINCOVDE_A_7.0],0.002,0.07,-0.137,0.144,0.002,0.002,1707.0,733.0,1.0
beta[SINCOVDE_A_9.0],-0.0,0.07,-0.151,0.146,0.002,0.002,1516.0,711.0,1.0
beta[HIKIND10_A_2.0],-0.005,0.053,-0.122,0.088,0.002,0.001,1551.0,814.0,1.0
beta[HIKIND10_A_7.0],-0.006,0.077,-0.171,0.138,0.002,0.002,1833.0,837.0,1.0
beta[HIKIND10_A_9.0],-0.005,0.071,-0.166,0.136,0.002,0.002,1630.0,677.0,1.0
beta[HIKIND09_A_2.0],-0.005,0.06,-0.138,0.125,0.002,0.001,1559.0,803.0,1.0
beta[HIKIND09_A_7.0],-0.002,0.063,-0.128,0.157,0.002,0.002,1128.0,924.0,1.0
beta[HIKIND09_A_9.0],-0.002,0.069,-0.151,0.142,0.002,0.002,1393.0,704.0,1.0
beta[HIKIND08_A_2.0],0.003,0.053,-0.102,0.119,0.001,0.001,1619.0,827.0,1.0
beta[HIKIND08_A_7.0],-0.006,0.077,-0.147,0.168,0.003,0.003,1436.0,637.0,1.0
beta[HIKIND08_A_9.0],-0.004,0.067,-0.142,0.148,0.003,0.002,1120.0,686.0,1.01
beta[HIKIND07_A_2.0],0.016,0.077,-0.1,0.187,0.003,0.002,1201.0,777.0,1.0
beta[HIKIND07_A_7.0],-0.0,0.071,-0.149,0.152,0.002,0.002,1560.0,775.0,1.0
beta[HIKIND07_A_9.0],-0.002,0.067,-0.153,0.143,0.002,0.002,1311.0,816.0,1.0
beta[HIKIND06_A_2.0],0.01,0.052,-0.112,0.114,0.001,0.001,1687.0,820.0,1.0
beta[HIKIND06_A_7.0],-0.003,0.079,-0.173,0.173,0.002,0.002,1577.0,591.0,1.0
beta[HIKIND06_A_9.0],-0.001,0.069,-0.145,0.125,0.002,0.002,1364.0,600.0,1.0
beta[HIKIND05_A_2.0],-0.002,0.075,-0.18,0.12,0.002,0.002,1521.0,843.0,1.0
beta[HIKIND05_A_7.0],-0.008,0.081,-0.171,0.19,0.003,0.002,1350.0,765.0,1.0
beta[HIKIND05_A_9.0],-0.006,0.088,-0.161,0.15,0.003,0.002,1389.0,778.0,1.0
beta[HIKIND04_A_2.0],-0.004,0.045,-0.105,0.093,0.001,0.001,1601.0,738.0,1.0
beta[HIKIND04_A_7.0],-0.001,0.07,-0.146,0.133,0.002,0.002,1285.0,934.0,1.0
beta[HIKIND04_A_9.0],-0.007,0.072,-0.151,0.134,0.002,0.002,1534.0,863.0,1.0
beta[HIKIND03_A_2.0],0.039,0.068,-0.068,0.193,0.002,0.001,1508.0,780.0,1.0
beta[HIKIND03_A_7.0],-0.005,0.068,-0.159,0.128,0.002,0.002,1268.0,826.0,1.0
beta[HIKIND03_A_9.0],-0.005,0.074,-0.164,0.125,0.003,0.002,1523.0,708.0,1.0
beta[HIKIND02_A_2.0],0.079,0.092,-0.045,0.285,0.003,0.002,1120.0,945.0,1.0
beta[HIKIND02_A_7.0],-0.006,0.078,-0.144,0.15,0.002,0.002,1372.0,683.0,1.0
beta[HIKIND02_A_9.0],-0.003,0.066,-0.171,0.116,0.002,0.002,1288.0,712.0,1.0
beta[HIKIND01_A_2.0],-0.002,0.043,-0.084,0.096,0.001,0.001,1584.0,945.0,1.0
beta[HIKIND01_A_7.0],-0.006,0.071,-0.177,0.13,0.002,0.002,1448.0,660.0,1.0
beta[HIKIND01_A_9.0],-0.004,0.079,-0.14,0.167,0.003,0.002,1415.0,656.0,1.0
beta[HICOV_A_2.0],-0.002,0.054,-0.119,0.115,0.002,0.001,1450.0,886.0,1.0
beta[HICOV_A_7.0],-0.0,0.075,-0.161,0.143,0.002,0.002,1578.0,940.0,1.0
beta[HICOV_A_9.0],0.001,0.074,-0.156,0.141,0.003,0.002,1221.0,647.0,1.0
beta[SOCWRKLIM_A_2.0],-0.081,0.075,-0.23,0.028,0.002,0.002,820.0,771.0,1.0
beta[SOCWRKLIM_A_7.0],0.002,0.067,-0.134,0.16,0.002,0.002,1636.0,711.0,1.0
beta[SOCWRKLIM_A_9.0],0.007,0.076,-0.153,0.148,0.002,0.002,1397.0,789.0,1.0
beta[SOCSCLPAR_A_2.0],-0.004,0.043,-0.107,0.076,0.001,0.001,1751.0,650.0,1.0
beta[SOCSCLPAR_A_3.0],0.021,0.061,-0.096,0.155,0.002,0.001,1879.0,688.0,1.0
beta[SOCSCLPAR_A_4.0],0.006,0.059,-0.113,0.137,0.002,0.001,1465.0,954.0,1.0
beta[SOCSCLPAR_A_7.0],-0.006,0.079,-0.147,0.174,0.003,0.002,1290.0,746.0,1.0
beta[SOCSCLPAR_A_9.0],0.003,0.075,-0.181,0.137,0.003,0.002,1200.0,701.0,1.0
beta[SOCERRNDS_A_2.0],0.058,0.079,-0.046,0.24,0.002,0.002,1290.0,852.0,1.0
beta[SOCERRNDS_A_3.0],0.021,0.071,-0.091,0.172,0.002,0.002,1439.0,903.0,1.0
beta[SOCERRNDS_A_4.0],-0.009,0.057,-0.141,0.104,0.002,0.001,1569.0,759.0,1.0
beta[SOCERRNDS_A_7.0],-0.004,0.082,-0.147,0.158,0.002,0.002,1949.0,719.0,1.0
beta[SOCERRNDS_A_9.0],-0.0,0.071,-0.139,0.139,0.002,0.002,1552.0,878.0,1.0
beta[UPPOBJCT_A_2.0],0.007,0.044,-0.076,0.116,0.001,0.001,1216.0,829.0,1.0
beta[UPPOBJCT_A_3.0],0.004,0.059,-0.128,0.122,0.002,0.001,1515.0,849.0,1.0
beta[UPPOBJCT_A_4.0],-0.003,0.068,-0.135,0.15,0.002,0.002,1689.0,899.0,1.0
beta[UPPOBJCT_A_7.0],0.002,0.074,-0.149,0.146,0.002,0.002,1365.0,700.0,1.0
beta[UPPRAISE_A_2.0],-0.005,0.049,-0.103,0.098,0.001,0.001,1662.0,764.0,1.0
beta[UPPRAISE_A_3.0],-0.002,0.067,-0.153,0.138,0.002,0.002,1433.0,554.0,1.01
beta[UPPRAISE_A_4.0],-0.002,0.078,-0.199,0.125,0.002,0.002,1553.0,827.0,1.0
beta[UPPRAISE_A_7.0],-0.001,0.083,-0.158,0.168,0.003,0.002,1288.0,857.0,1.0
beta[UPPRAISE_A_9.0],0.022,0.099,-0.136,0.212,0.003,0.002,1517.0,897.0,1.0
beta[UPPSLFCR_A_2.0],-0.022,0.064,-0.183,0.078,0.002,0.002,1454.0,911.0,1.0
beta[UPPSLFCR_A_3.0],0.007,0.063,-0.134,0.127,0.002,0.002,1823.0,824.0,1.0
beta[UPPSLFCR_A_4.0],-0.005,0.074,-0.178,0.134,0.002,0.002,1268.0,744.0,1.0
beta[UPPSLFCR_A_7.0],-0.003,0.068,-0.141,0.146,0.002,0.002,1667.0,838.0,1.0
beta[COGMEMDFF_A_2.0],0.025,0.041,-0.042,0.119,0.001,0.001,1507.0,1023.0,1.0
beta[COGMEMDFF_A_3.0],-0.009,0.055,-0.142,0.098,0.002,0.001,1485.0,664.0,1.0
beta[COGMEMDFF_A_4.0],-0.004,0.081,-0.155,0.176,0.003,0.002,1433.0,627.0,1.0
beta[COGMEMDFF_A_7.0],0.005,0.072,-0.12,0.177,0.002,0.002,1507.0,823.0,1.0
beta[COMDIFF_A_2.0],-0.002,0.052,-0.102,0.123,0.001,0.001,1593.0,961.0,1.0
beta[COMDIFF_A_3.0],0.014,0.073,-0.138,0.175,0.002,0.002,1166.0,707.0,1.0
beta[COMDIFF_A_4.0],-0.007,0.069,-0.13,0.169,0.002,0.002,1585.0,773.0,1.0
beta[COMDIFF_A_7.0],0.002,0.066,-0.129,0.148,0.002,0.002,1302.0,797.0,1.01
beta[COMDIFF_A_9.0],0.004,0.067,-0.14,0.137,0.002,0.002,1438.0,876.0,1.0
beta[STEPS_A_2.0],0.041,0.063,-0.049,0.19,0.002,0.001,1305.0,952.0,1.0
beta[STEPS_A_3.0],-0.001,0.058,-0.127,0.123,0.002,0.002,1447.0,723.0,1.0
beta[STEPS_A_4.0],0.002,0.064,-0.164,0.122,0.002,0.001,1549.0,946.0,1.0
beta[STEPS_A_7.0],0.003,0.08,-0.137,0.197,0.003,0.002,1425.0,670.0,1.0
beta[STEPS_A_9.0],0.003,0.072,-0.173,0.121,0.002,0.002,1435.0,770.0,1.0
beta[WLK13M_A_2.0],0.01,0.044,-0.065,0.125,0.001,0.001,1520.0,603.0,1.0
beta[WLK13M_A_3.0],-0.011,0.053,-0.136,0.093,0.001,0.001,1726.0,977.0,1.0
beta[WLK13M_A_4.0],0.02,0.068,-0.095,0.176,0.002,0.002,1789.0,958.0,1.0
beta[WLK13M_A_7.0],0.004,0.073,-0.122,0.152,0.002,0.002,1582.0,942.0,1.0
beta[WLK13M_A_9.0],0.003,0.071,-0.14,0.149,0.002,0.002,1750.0,884.0,1.01
beta[WLK100_A_2.0],-0.005,0.047,-0.11,0.095,0.001,0.001,1553.0,855.0,1.0
beta[WLK100_A_3.0],0.019,0.062,-0.105,0.149,0.002,0.001,1636.0,708.0,1.0
beta[WLK100_A_4.0],0.007,0.064,-0.131,0.139,0.002,0.002,1617.0,861.0,1.0
beta[WLK100_A_7.0],0.005,0.074,-0.111,0.175,0.002,0.002,1354.0,811.0,1.0
beta[WLK100_A_9.0],-0.002,0.075,-0.173,0.136,0.002,0.002,1686.0,860.0,1.0
beta[EQUIP_A_2.0],0.027,0.057,-0.061,0.16,0.002,0.002,1558.0,963.0,1.0
beta[EQUIP_A_7.0],0.005,0.081,-0.14,0.147,0.003,0.002,1472.0,851.0,1.0
beta[DIFF_A_2.0],-0.005,0.042,-0.096,0.081,0.001,0.001,1682.0,857.0,1.0
beta[DIFF_A_3.0],-0.026,0.064,-0.177,0.082,0.002,0.001,1787.0,780.0,1.0
beta[DIFF_A_4.0],-0.02,0.072,-0.187,0.097,0.002,0.002,1503.0,710.0,1.0
beta[DIFF_A_7.0],0.001,0.086,-0.164,0.181,0.003,0.002,1547.0,678.0,1.0
beta[HEARINGDF_A_2.0],0.035,0.054,-0.049,0.166,0.002,0.001,1249.0,844.0,1.0
beta[HEARINGDF_A_3.0],0.029,0.074,-0.092,0.208,0.002,0.002,1706.0,764.0,1.0
beta[HEARINGDF_A_4.0],0.019,0.115,-0.15,0.161,0.004,0.003,1580.0,741.0,1.0
beta[HEARINGDF_A_7.0],0.005,0.076,-0.137,0.174,0.002,0.002,1722.0,851.0,1.0
beta[HEARINGDF_A_9.0],-0.001,0.087,-0.213,0.151,0.003,0.002,1720.0,671.0,1.0
beta[HEARAID_A_2.0],0.005,0.053,-0.105,0.126,0.002,0.001,1644.0,726.0,1.0
beta[HEARAID_A_7.0],0.001,0.074,-0.129,0.152,0.002,0.002,1494.0,680.0,1.0
beta[VISIONDF_A_2.0],0.037,0.048,-0.049,0.138,0.001,0.001,1121.0,765.0,1.0
beta[VISIONDF_A_3.0],0.035,0.084,-0.082,0.243,0.002,0.002,1639.0,688.0,1.0
beta[VISIONDF_A_4.0],0.016,0.093,-0.169,0.165,0.003,0.002,1737.0,901.0,1.0
beta[VISIONDF_A_7.0],0.006,0.078,-0.182,0.155,0.003,0.002,1175.0,742.0,1.0
beta[VISIONDF_A_9.0],-0.005,0.072,-0.181,0.142,0.002,0.002,1435.0,641.0,1.0
beta[WEARGLSS_A_2.0],0.007,0.036,-0.058,0.1,0.001,0.001,1467.0,1051.0,1.0
beta[WEARGLSS_A_7.0],0.003,0.07,-0.141,0.127,0.002,0.002,1914.0,957.0,1.0
beta[VIMCSURG_A_2.0],0.026,0.055,-0.071,0.145,0.002,0.001,1762.0,857.0,1.0
beta[VIMCSURG_A_7.0],0.003,0.077,-0.143,0.164,0.002,0.002,1557.0,770.0,1.0
beta[VIMCSURG_A_9.0],0.002,0.074,-0.143,0.147,0.003,0.002,1109.0,763.0,1.0
beta[VIMMDEV_A_2.0],-0.026,0.069,-0.173,0.099,0.002,0.002,1694.0,896.0,1.0
beta[VIMMDEV_A_7.0],-0.002,0.086,-0.142,0.17,0.003,0.002,1417.0,713.0,1.0
beta[VIMMDEV_A_9.0],0.014,0.076,-0.133,0.166,0.002,0.002,1566.0,771.0,1.0
beta[VIMGLEV_A_2.0],0.008,0.054,-0.112,0.121,0.001,0.001,1818.0,778.0,1.0
beta[VIMGLEV_A_7.0],-0.002,0.076,-0.154,0.154,0.002,0.002,1310.0,866.0,1.0
beta[VIMGLEV_A_9.0],0.001,0.07,-0.133,0.153,0.002,0.002,1855.0,906.0,1.0
beta[VIMDREV_A_2.0],-0.017,0.06,-0.146,0.105,0.002,0.002,1812.0,749.0,1.0
beta[VIMDREV_A_7.0],-0.002,0.076,-0.173,0.135,0.002,0.002,1717.0,817.0,1.0
beta[VIMDREV_A_9.0],0.011,0.086,-0.143,0.155,0.003,0.002,1690.0,844.0,1.0
beta[EPIEV_A_2.0],0.012,0.061,-0.108,0.165,0.001,0.001,2171.0,943.0,1.0
beta[EPIEV_A_7.0],-0.004,0.076,-0.143,0.163,0.002,0.002,1785.0,708.0,1.0
beta[EPIEV_A_9.0],0.003,0.081,-0.151,0.139,0.002,0.002,1395.0,679.0,1.0
beta[HLTHCOND_A_2.0],-0.089,0.094,-0.283,0.035,0.003,0.002,1076.0,1057.0,1.0
beta[HLTHCOND_A_7.0],-0.002,0.075,-0.134,0.165,0.002,0.002,1461.0,771.0,1.0
beta[HLTHCOND_A_9.0],-0.007,0.072,-0.132,0.133,0.002,0.002,1406.0,724.0,1.0
beta[MEDRXTRT_A_2.0],-0.012,0.049,-0.127,0.076,0.001,0.001,1931.0,958.0,1.0
beta[MEDRXTRT_A_7.0],-0.004,0.072,-0.177,0.139,0.002,0.002,1694.0,851.0,1.0
beta[MEDRXTRT_A_9.0],0.019,0.079,-0.106,0.193,0.003,0.002,1372.0,670.0,1.0
beta[CFSEV_A_2.0],-0.124,0.15,-0.45,0.063,0.004,0.003,1180.0,930.0,1.0
beta[CFSEV_A_7.0],-0.002,0.074,-0.121,0.144,0.002,0.002,1374.0,765.0,1.0
beta[CFSEV_A_9.0],0.016,0.075,-0.097,0.208,0.002,0.002,1669.0,790.0,1.0
beta[PSOREV_A_2.0],0.04,0.073,-0.072,0.195,0.002,0.001,1319.0,735.0,1.0
beta[PSOREV_A_7.0],-0.002,0.071,-0.175,0.131,0.002,0.002,1530.0,974.0,1.0
beta[PSOREV_A_9.0],-0.003,0.08,-0.148,0.173,0.003,0.002,1151.0,546.0,1.0
beta[ULCCOLEV_A_2.0],0.006,0.058,-0.126,0.128,0.002,0.001,1244.0,957.0,1.0
beta[ULCCOLEV_A_7.0],-0.005,0.068,-0.143,0.118,0.002,0.002,1827.0,771.0,1.0
beta[ULCCOLEV_A_9.0],0.002,0.07,-0.13,0.157,0.002,0.002,1612.0,904.0,1.0
beta[CROHNSEV_A_2.0],0.002,0.062,-0.148,0.129,0.002,0.002,1351.0,689.0,1.0
beta[CROHNSEV_A_7.0],-0.004,0.076,-0.135,0.173,0.002,0.002,1185.0,854.0,1.0
beta[CROHNSEV_A_9.0],-0.006,0.083,-0.167,0.149,0.003,0.002,1358.0,743.0,1.0
beta[HEPEV_A_2.0],-0.004,0.06,-0.13,0.121,0.002,0.001,1687.0,874.0,1.0
beta[HEPEV_A_7.0],-0.004,0.074,-0.16,0.136,0.003,0.002,1464.0,725.0,1.0
beta[HEPEV_A_9.0],-0.005,0.099,-0.146,0.157,0.004,0.003,1356.0,771.0,1.0
beta[DEPEV_A_2.0],-0.019,0.042,-0.111,0.062,0.001,0.001,1305.0,896.0,1.0
beta[DEPEV_A_7.0],-0.005,0.071,-0.141,0.156,0.003,0.002,1089.0,853.0,1.0
beta[DEPEV_A_9.0],-0.001,0.089,-0.166,0.146,0.003,0.002,1703.0,651.0,1.0
beta[ANXEV_A_2.0],-0.045,0.055,-0.163,0.047,0.002,0.001,960.0,749.0,1.0
beta[ANXEV_A_7.0],-0.007,0.073,-0.174,0.145,0.003,0.002,1147.0,776.0,1.0
beta[ANXEV_A_9.0],0.012,0.082,-0.134,0.189,0.003,0.002,1300.0,695.0,1.0
beta[DEMENEV_A_2.0],0.05,0.12,-0.129,0.316,0.004,0.003,1183.0,853.0,1.0
beta[DEMENEV_A_7.0],-0.0,0.07,-0.149,0.147,0.002,0.002,1695.0,796.0,1.0
beta[DEMENEV_A_9.0],0.001,0.067,-0.131,0.143,0.002,0.001,1458.0,880.0,1.0
beta[ARTHEV_A_2.0],-0.038,0.053,-0.145,0.054,0.001,0.001,1169.0,874.0,1.0
beta[ARTHEV_A_7.0],0.001,0.08,-0.183,0.163,0.003,0.002,1476.0,781.0,1.0
beta[ARTHEV_A_9.0],0.007,0.078,-0.171,0.184,0.003,0.002,1554.0,804.0,1.0
beta[COPDEV_A_2.0],-0.066,0.085,-0.266,0.049,0.002,0.002,1015.0,724.0,1.0
beta[COPDEV_A_7.0],-0.011,0.094,-0.196,0.15,0.004,0.003,945.0,469.0,1.01
beta[COPDEV_A_9.0],-0.002,0.069,-0.191,0.124,0.002,0.002,1854.0,761.0,1.0
beta[DIBEV_A_2.0],-0.042,0.063,-0.191,0.05,0.002,0.001,1182.0,643.0,1.0
beta[DIBEV_A_7.0],-0.004,0.083,-0.19,0.141,0.002,0.002,1718.0,796.0,1.0
beta[DIBEV_A_9.0],0.007,0.077,-0.165,0.128,0.003,0.003,915.0,720.0,1.0
beta[GESDIB_A_2.0],-0.053,0.081,-0.245,0.055,0.002,0.002,1204.0,704.0,1.0
beta[GESDIB_A_7.0],0.003,0.077,-0.135,0.181,0.003,0.002,1094.0,633.0,1.0
beta[GESDIB_A_9.0],-0.005,0.087,-0.168,0.138,0.003,0.002,1546.0,881.0,1.0
beta[PREDIB_A_2.0],-0.022,0.045,-0.117,0.056,0.001,0.001,1571.0,794.0,1.0
beta[PREDIB_A_7.0],0.002,0.069,-0.123,0.134,0.002,0.002,1517.0,882.0,1.0
beta[PREDIB_A_9.0],-0.0,0.065,-0.129,0.156,0.002,0.002,1627.0,734.0,1.0
beta[CANEV_A_2.0],0.015,0.045,-0.07,0.113,0.001,0.001,1631.0,855.0,1.0
beta[CANEV_A_7.0],-0.002,0.075,-0.139,0.172,0.002,0.002,1458.0,759.0,1.0
beta[CANEV_A_9.0],-0.001,0.072,-0.155,0.156,0.002,0.002,1819.0,820.0,1.0
beta[ASEV_A_2.0],-0.208,0.072,-0.343,-0.068,0.002,0.002,909.0,612.0,1.0
beta[ASEV_A_7.0],-0.004,0.081,-0.156,0.134,0.003,0.002,1485.0,820.0,1.0
beta[ASEV_A_9.0],0.005,0.08,-0.166,0.146,0.003,0.002,1289.0,885.0,1.01
beta[ASPONOWN_A_2.0],-0.017,0.062,-0.161,0.108,0.002,0.001,2141.0,1015.0,1.0
beta[ASPONOWN_A_7.0],0.0,0.07,-0.145,0.163,0.003,0.002,1239.0,725.0,1.0
beta[ASPONOWN_A_9.0],0.0,0.079,-0.169,0.172,0.002,0.002,1465.0,790.0,1.0
beta[ASPMEDEV_A_2.0],-0.01,0.045,-0.109,0.089,0.001,0.001,1497.0,742.0,1.0
beta[ASPMEDEV_A_7.0],-0.004,0.073,-0.16,0.146,0.002,0.002,1695.0,689.0,1.01
beta[ASPMEDEV_A_8.0],0.003,0.078,-0.112,0.203,0.002,0.002,1896.0,822.0,1.01
beta[ASPMEDEV_A_9.0],-0.001,0.067,-0.144,0.128,0.002,0.002,1951.0,840.0,1.0
beta[STREV_A_2.0],-0.007,0.051,-0.119,0.089,0.001,0.001,1536.0,823.0,1.0
beta[STREV_A_7.0],0.0,0.072,-0.177,0.143,0.002,0.002,1483.0,711.0,1.01
beta[STREV_A_9.0],0.01,0.073,-0.108,0.185,0.002,0.002,1433.0,740.0,1.0
beta[MIEV_A_2.0],-0.025,0.062,-0.182,0.073,0.002,0.001,1057.0,570.0,1.0
beta[MIEV_A_7.0],0.001,0.084,-0.141,0.18,0.003,0.002,1423.0,776.0,1.0
beta[MIEV_A_9.0],0.003,0.071,-0.162,0.15,0.002,0.002,1419.0,825.0,1.0
beta[ANGEV_A_2.0],-0.018,0.06,-0.154,0.082,0.002,0.001,1655.0,794.0,1.0
beta[ANGEV_A_7.0],0.001,0.084,-0.165,0.138,0.003,0.002,1759.0,651.0,1.0
beta[ANGEV_A_9.0],-0.002,0.068,-0.152,0.12,0.002,0.002,1808.0,889.0,1.01
beta[CHDEV_A_2.0],-0.011,0.053,-0.126,0.086,0.002,0.001,1499.0,888.0,1.0
beta[CHDEV_A_7.0],0.004,0.079,-0.146,0.159,0.002,0.002,1864.0,855.0,1.0
beta[CHDEV_A_9.0],-0.011,0.082,-0.166,0.127,0.003,0.002,1468.0,760.0,1.0
beta[CHLEV_A_2.0],-0.016,0.037,-0.099,0.05,0.001,0.001,1759.0,827.0,1.0
beta[CHLEV_A_7.0],-0.002,0.071,-0.134,0.152,0.003,0.002,1093.0,730.0,1.0
beta[CHLEV_A_9.0],-0.013,0.093,-0.187,0.151,0.003,0.002,1613.0,886.0,1.0
beta[HYPEV_A_2.0],-0.063,0.061,-0.184,0.024,0.002,0.001,777.0,802.0,1.0
beta[HYPEV_A_7.0],-0.0,0.072,-0.155,0.155,0.002,0.002,1395.0,860.0,1.0
beta[HYPEV_A_9.0],-0.001,0.063,-0.133,0.131,0.002,0.002,1514.0,916.0,1.0
beta[LSATIS4_A_2.0],0.004,0.033,-0.075,0.067,0.001,0.001,1529.0,756.0,1.0
beta[LSATIS4_A_3.0],0.038,0.067,-0.064,0.186,0.002,0.001,1586.0,846.0,1.0
beta[LSATIS4_A_4.0],0.002,0.065,-0.138,0.122,0.002,0.002,1817.0,905.0,1.0
beta[LSATIS4_A_7.0],-0.008,0.074,-0.161,0.133,0.002,0.002,1350.0,977.0,1.0
beta[LSATIS4_A_9.0],-0.001,0.086,-0.16,0.175,0.003,0.002,1574.0,911.0,1.0
beta[PHSTAT_A_2.0],0.001,0.035,-0.073,0.077,0.001,0.001,1503.0,858.0,1.0
beta[PHSTAT_A_3.0],0.041,0.05,-0.024,0.153,0.002,0.001,1030.0,948.0,1.0
beta[PHSTAT_A_4.0],0.069,0.076,-0.04,0.246,0.003,0.002,746.0,855.0,1.0
beta[PHSTAT_A_5.0],0.029,0.066,-0.065,0.188,0.002,0.002,1706.0,946.0,1.0
beta[PHSTAT_A_7.0],0.0,0.072,-0.174,0.142,0.002,0.002,1619.0,791.0,1.01
beta[PHSTAT_A_9.0],0.003,0.071,-0.121,0.15,0.002,0.002,1973.0,881.0,1.0
beta[AVAIL_A_2.0],0.005,0.071,-0.14,0.156,0.002,0.002,1330.0,731.0,1.0
beta[AVAIL_A_3.0],-0.039,0.089,-0.267,0.082,0.003,0.002,1821.0,823.0,1.0
beta[AVAIL_A_7.0],-0.002,0.065,-0.148,0.139,0.002,0.002,928.0,633.0,1.01
beta[AVAIL_A_8.0],-0.006,0.063,-0.154,0.121,0.002,0.002,2064.0,870.0,1.0
beta[INTV_MON_2.0],0.006,0.044,-0.088,0.101,0.001,0.001,1471.0,865.0,1.01
beta[INTV_MON_3.0],0.019,0.044,-0.072,0.114,0.001,0.001,1424.0,776.0,1.0
beta[INTV_MON_4.0],-0.028,0.052,-0.149,0.064,0.001,0.001,1542.0,795.0,1.0
beta[INTV_MON_5.0],0.032,0.057,-0.064,0.151,0.002,0.001,1324.0,920.0,1.0
beta[INTV_MON_6.0],0.009,0.047,-0.079,0.116,0.001,0.001,1785.0,746.0,1.0
beta[INTV_MON_7.0],0.001,0.047,-0.106,0.094,0.001,0.001,1552.0,873.0,1.0
beta[INTV_MON_8.0],-0.002,0.042,-0.096,0.089,0.001,0.001,1404.0,847.0,1.0
beta[INTV_MON_9.0],0.005,0.044,-0.088,0.106,0.001,0.001,1721.0,888.0,1.0
beta[INTV_MON_10.0],-0.005,0.047,-0.117,0.094,0.001,0.001,1523.0,879.0,1.0
beta[INTV_MON_11.0],-0.004,0.045,-0.094,0.1,0.001,0.001,1563.0,731.0,1.0
beta[INTV_MON_12.0],-0.044,0.069,-0.198,0.061,0.002,0.001,1722.0,950.0,1.0
